date,code,open,high,low,close,preclose,volume,amount,adjustflag,turn,tradestatus,pctChg,isST
2022-04-18,sh.600048,434.53703904,444.43380423,418.42602594,423.25932987,444.66396156,103160551.0,1925229907.27,1,0.8618,1,-4.8137,0
2022-04-19,sh.600048,425.7910605,428.32279113,411.9816207,423.02917254,423.25932987,99924221.0,1825888921.58,1,0.8348,1,-0.0544,0
2022-04-20,sh.600048,423.4894872,423.4894872,389.42620236,401.16422619,423.02917254,183960925.0,3206246688.68,1,1.5368,1,-5.1687,0
2022-04-21,sh.600048,398.1721809,411.52130604,393.79919163,403.00548483,401.16422619,96725458.0,1693446859.5,1,0.808,1,0.459,0
2022-04-22,sh.600048,397.02139425,418.8863406,385.97384241,409.21973274,403.00548483,118177410.0,2088522574.04,1,0.9873,1,1.542,0
2022-04-25,sh.600048,402.54517017,418.8863406,390.11667435,391.03730367,409.21973274,116221690.0,2035850680.89,1,0.9709,1,-4.4432,0
2022-04-26,sh.600048,392.41824765,414.97366599,389.42620236,404.38642881,391.03730367,105910310.0,1859099740.65,1,0.8848,1,3.4138,0
2022-04-27,sh.600048,401.39438352,412.44193536,377.4580212,386.20399974,404.38642881,148897182.0,2522481779.95,1,1.2439,1,-4.4963,0
2022-04-28,sh.600048,390.11667435,413.82287934,385.05321309,409.6800474,386.20399974,123607051.0,2164837555.14,1,1.0326,1,6.0787,0
2022-04-29,sh.600048,405.0769008,425.33074584,395.8706076,417.04508196,409.6800474,150898117.0,2692736832.07,1,1.2606,1,1.7978,0
2022-05-05,sh.600048,418.42602594,422.33870055,390.80714634,403.69595682,417.04508196,131606283.0,2303762291.16,1,1.0994,1,-3.2009,0
2022-05-06,sh.600048,391.95793299,399.55312488,372.39455994,377.22786387,403.69595682,111159480.0,1857214290.82,1,0.9286,1,-6.5564,0
2022-05-09,sh.600048,372.62471727,382.98179712,367.56125601,374.46597591,377.22786387,80208749.0,1304318978.07,1,0.6701,1,-0.7322,0
2022-05-10,sh.600048,367.33109868,384.13258377,354.67244553,378.60880785,374.46597591,158581816.0,2536987656.29,1,1.3248,1,1.1063,0
2022-05-11,sh.600048,374.46597591,378.83896518,360.65653611,364.33905339,378.60880785,163302606.0,2600079992.95,1,1.3642,1,-3.769,0
2022-05-12,sh.600048,365.9501547,369.40251465,350.75977092,359.0454348,364.33905339,123863208.0,1938048716.02,1,1.0348,1,-1.4529,0
2022-05-13,sh.600048,365.48984004,382.52148246,360.42637878,381.83101047,359.0454348,159042351.0,2572346408.33,1,1.3286,1,6.3462,0
2022-05-16,sh.600048,394.94997828,398.86265289,372.39455994,389.88651702,381.83101047,158329561.0,2651642909.26,1,1.3227,1,2.1097,0
2022-05-17,sh.600048,384.13258377,395.8706076,380.45006649,390.11667435,389.88651702,79985339.0,1350312062.63,1,0.6682,1,0.059,0
2022-05-18,sh.600048,388.27541571,394.02934896,377.4580212,385.97384241,390.11667435,78778495.0,1319535488.26,1,0.6581,1,-1.0619,0
2022-05-19,sh.600048,379.98975183,401.39438352,379.06912251,395.64045027,385.97384241,91725625.0,1573434759.39,1,0.7663,1,2.5045,0
2022-05-20,sh.600048,402.7753275,403.92611415,386.6643144,392.18809032,395.64045027,93127533.0,1598708966.04,1,0.778,1,-0.8726,0
2022-05-23,sh.600048,391.267461,392.18809032,368.251728,370.32314397,392.18809032,158866762.0,2590509163.19,1,1.3272,1,-5.5751,0
2022-05-24,sh.600048,368.48188533,377.4580212,366.87078402,372.39455994,370.32314397,94995186.0,1535786956.19,1,0.7936,1,0.5594,0
2022-05-25,sh.600048,372.39455994,376.53739188,364.56921072,373.31518926,372.39455994,55838908.0,901412994.71,1,0.4665,1,0.2472,0
2022-05-26,sh.600048,372.8548746,384.13258377,368.71204266,378.14849319,373.31518926,81757244.0,1341276340.85,1,0.683,1,1.2947,0
2022-05-27,sh.600048,376.53739188,379.52943717,370.09298664,375.38660523,378.14849319,66963241.0,1088415670.62,1,0.5594,1,-0.7304,0
2022-05-30,sh.600048,372.16440261,376.99770654,361.11685077,365.02952538,375.38660523,89455268.0,1426827477.62,1,0.7473,1,-2.759,0
2022-05-31,sh.600048,362.95810941,366.41046936,354.4422882,356.97401883,365.02952538,151488636.0,2363333362.41,1,1.2655,1,-2.2068,0
2022-06-01,sh.600048,356.97401883,365.9501547,356.7438615,362.49779475,356.97401883,83786344.0,1317372668.99,1,0.7,1,1.5474,0
2022-06-02,sh.600048,359.0454348,362.49779475,347.5375683,352.1407149,362.49779475,121057390.0,1855641380.77,1,1.0113,1,-2.8571,0
2022-06-06,sh.600048,347.76772563,349.14866961,333.7281285,343.62489369,352.1407149,217377133.0,3197161484.98,1,1.816,1,-2.4183,0
2022-06-07,sh.600048,341.09316306,353.52165888,340.17253374,351.68040024,343.62489369,113209307.0,1712574842.66,1,0.9458,1,2.3443,0
2022-06-08,sh.600048,350.98992825,352.37087223,343.62489369,347.07725364,351.68040024,129157632.0,1946273589.34,1,1.079,1,-1.3089,0
2022-06-09,sh.600048,346.38678165,364.33905339,345.46615233,358.58512014,347.07725364,157765040.0,2458566471.32,1,1.318,1,3.3156,0
2022-06-10,sh.600048,356.7438615,362.26763742,353.52165888,357.43433349,358.58512014,92501318.0,1434577088.99,1,0.7728,1,-0.3209,0
2022-06-13,sh.600048,353.29150155,356.28354684,339.02174709,341.32332039,357.43433349,119307644.0,1781739413.89,1,0.9967,1,-4.5074,0
2022-06-14,sh.600048,339.48206175,350.06929893,339.25190442,348.45819762,341.32332039,93407709.0,1404991622.72,1,0.7803,1,2.0904,0
2022-06-15,sh.600048,348.22804029,375.38660523,343.85505102,365.25968271,348.45819762,186892973.0,2963580268.13,1,1.5613,1,4.8217,0
2022-06-16,sh.600048,365.48984004,378.37865052,356.28354684,358.81527747,365.25968271,100086938.0,1585705302.3,1,0.8361,1,-1.7643,0
2022-06-17,sh.600048,357.43433349,362.95810941,354.90260286,358.58512014,358.81527747,75075208.0,1170895848.81,1,0.6272,1,-0.0641,0
2022-06-20,sh.600048,362.72795208,376.99770654,360.19622145,369.63267198,358.58512014,147984736.0,2376865729.61,1,1.2363,1,3.0809,0
2022-06-21,sh.600048,371.01361596,389.88651702,368.251728,374.46597591,369.63267198,149826442.0,2479259610.6,1,1.2517,1,1.3076,0
2022-06-22,sh.600048,374.69613324,381.37069581,367.33109868,369.17235732,374.46597591,72054212.0,1166244517.34,1,0.6019,1,-1.4136,0
2022-06-23,sh.600048,369.40251465,383.44211178,366.87078402,381.37069581,369.17235732,82941569.0,1362694767.77,1,0.6929,1,3.3042,0
2022-06-24,sh.600048,379.7595945,385.51352775,368.71204266,373.54534659,381.37069581,97251158.0,1576154959.8,1,0.8124,1,-2.0519,0
2022-06-27,sh.600048,374.00566125,388.73573037,370.5533013,381.83101047,373.54534659,114602008.0,1889106969.71,1,0.9574,1,2.2181,0
2022-06-28,sh.600048,378.83896518,382.29132513,369.40251465,371.93424528,381.83101047,101896852.0,1649170346.02,1,0.8512,1,-2.5919,0
2022-06-29,sh.600048,372.16440261,406.45784478,370.32314397,398.1721809,371.93424528,188964944.0,3211690817.17,1,1.5786,1,7.0545,0
2022-06-30,sh.600048,402.7753275,409.21973274,391.267461,401.85469818,398.1721809,115083921.0,2001350428.64,1,0.9614,1,0.9249,0
2022-07-01,sh.600048,402.08485551,416.12445264,398.86265289,403.23564216,401.85469818,119170068.0,2102628181.33,1,0.9955,1,0.3436,0
2022-07-04,sh.600048,401.39438352,407.3784741,394.02934896,400.93406886,403.23564216,101925795.0,1766034083.33,1,0.8515,1,-0.5708,0
2022-07-05,sh.600048,397.48170891,400.70391153,382.0611678,391.49761833,400.93406886,163822120.0,2770037995.22,1,1.3686,1,-2.3536,0
2022-07-06,sh.600048,391.73590392,393.165597,381.251488,386.0171316,391.49762174,73271444.0,1184225381.57,1,0.6121,1,-1.3999,0
2022-07-07,sh.600048,391.49762174,392.68903264,380.53664146,383.39602762,386.0171316,67123731.0,1085809680.45,1,0.5608,1,-0.679,0
2022-07-08,sh.600048,383.6343098,391.25933956,379.10694838,386.49369596,383.39602762,67820648.0,1098309989.54,1,0.5666,1,0.808,0
2022-07-11,sh.600048,381.72805236,389.5913643,374.57958696,378.63038402,386.49369596,71485543.0,1145872741.99,1,0.5972,1,-2.0345,0
2022-07-12,sh.600048,379.10694838,391.25933956,378.63038402,386.25541378,378.63038402,74262085.0,1203321923.76,1,0.6204,1,2.0138,0
2022-07-13,sh.600048,390.54449302,408.6539387,388.3999534,395.5484188,386.25541378,104677518.0,1753735258.5,1,0.8745,1,2.4059,0
2022-07-14,sh.600048,392.45075046,406.2711169,389.11479994,396.02498316,395.5484188,119129710.0,1982650229.32,1,0.9952,1,0.1205,0
2022-07-15,sh.600048,400.3140624,401.26719112,368.86081464,376.00928004,396.02498316,155117824.0,2469435720.64,1,1.2959,1,-5.0542,0
2022-07-18,sh.600048,376.24756222,394.3570079,373.62645824,392.92731482,376.00928004,111311842.0,1800748310.94,1,0.9299,1,4.4994,0
2022-07-19,sh.600048,389.82964648,395.07185444,380.0600771,393.165597,392.92731482,82693643.0,1347828801.43,1,0.6908,1,0.0606,0
2022-07-20,sh.600048,392.21246828,396.7398297,386.25541378,389.5913643,393.165597,48970419.0,803402664.23,1,0.4091,1,-0.9091,0
2022-07-21,sh.600048,388.87651776,388.87651776,374.1030226,376.00928004,389.5913643,96478690.0,1530720586.34,1,0.806,1,-3.4862,0
2022-07-22,sh.600048,377.20069094,382.20461672,370.29050772,372.43504734,376.00928004,59828100.0,940821773.91,1,0.4998,1,-0.9506,0
2022-07-25,sh.600048,376.4858444,386.97026032,374.34130478,383.6343098,372.43504734,81977781.0,1316214620.48,1,0.6848,1,3.007,0
2022-07-26,sh.600048,381.72805236,407.93909216,381.251488,405.79455254,383.6343098,124677787.0,2090064837.86,1,1.0416,1,5.7764,0
2022-07-27,sh.600048,402.6968842,414.13442884,395.5484188,410.32191396,405.79455254,95065522.0,1621333627.96,1,0.7942,1,1.1157,0
2022-07-28,sh.600048,406.98596344,416.04068628,399.83749804,404.60314164,410.32191396,70871730.0,1208269754.87,1,0.5921,1,-1.3937,0
2022-07-29,sh.600048,401.74375548,406.98596344,392.92731482,397.21639406,404.60314164,73736359.0,1231376506.47,1,0.616,1,-1.8257,0
2022-08-01,sh.600048,396.97811188,397.21639406,380.29835928,387.2085425,397.21639406,127824955.0,2066114274.13,1,1.0678,1,-2.5195,0
2022-08-02,sh.600048,383.15774544,386.25541378,376.4858444,382.20461672,387.2085425,96233391.0,1541558297.38,1,0.8039,1,-1.2923,0
2022-08-03,sh.600048,381.96633454,385.77884942,363.14204232,366.71627502,382.20461672,106262195.0,1653158055.96,1,0.8877,1,-4.0524,0
2022-08-04,sh.600048,366.00142848,370.29050772,358.13811654,365.28658194,366.71627502,70999264.0,1084517102.0,1,0.5931,1,-0.3899,0
2022-08-05,sh.600048,365.28658194,367.66940374,359.56780962,366.00142848,365.28658194,61210031.0,933785687.0,1,0.5113,1,0.1957,0
2022-08-08,sh.600048,366.00142848,375.2944335,358.13811654,360.04437398,366.00142848,82752806.0,1260958163.0,1,0.6913,1,-1.6276,0
2022-08-09,sh.600048,358.85296308,366.47799284,353.8490373,360.52093834,360.04437398,51360206.0,778269125.0,1,0.4291,1,0.1324,0
2022-08-10,sh.600048,359.8060918,362.90376014,353.37247294,355.51701256,360.52093834,55725804.0,833626226.0,1,0.4655,1,-1.388,0
2022-08-11,sh.600048,357.18498782,365.7631463,356.47014128,364.09517104,355.51701256,62848743.0,955966941.0,1,0.525,1,2.4129,0
2022-08-12,sh.600048,362.1889136,372.67332952,361.23578488,370.5287899,364.09517104,62887057.0,971805723.0,1,0.5254,1,1.767,0
2022-08-15,sh.600048,367.66940374,383.87259198,367.66940374,372.67332952,370.5287899,81158243.0,1284963384.87,1,0.678,1,0.5788,0
2022-08-16,sh.600048,375.77099786,383.87259198,372.67332952,374.81786914,372.67332952,51557132.0,816295933.21,1,0.4307,1,0.5754,0
2022-08-17,sh.600048,374.81786914,396.97811188,371.95848298,389.82964648,374.81786914,105522866.0,1715739783.19,1,0.8815,1,4.0051,0
2022-08-18,sh.600048,390.06792866,396.50154752,382.4428989,386.25541378,389.82964648,48033412.0,781929632.58,1,0.4013,1,-0.9169,0
2022-08-19,sh.600048,386.49369596,403.65001292,385.77884942,400.55234458,386.25541378,94345158.0,1578586353.22,1,0.7882,1,3.7014,0
2022-08-22,sh.600048,399.59921586,404.12657728,394.3570079,397.9312406,400.55234458,59256007.0,991393325.81,1,0.495,1,-0.6544,0
2022-08-23,sh.600048,397.9312406,401.02890894,388.63823558,392.21246828,397.9312406,63278069.0,1041917844.21,1,0.5286,1,-1.4371,0
2022-08-24,sh.600048,392.45075046,401.26719112,389.11479994,391.25933956,392.21246828,59016270.0,975554549.04,1,0.493,1,-0.243,0
2022-08-25,sh.600048,395.5484188,403.65001292,393.40387918,402.45860202,391.25933956,72281102.0,1215031811.54,1,0.6038,1,2.8624,0
2022-08-26,sh.600048,401.5054733,402.45860202,391.9741861,397.45467624,402.45860202,44132343.0,736139881.95,1,0.3687,1,-1.2433,0
2022-08-29,sh.600048,392.68903264,399.83749804,386.25541378,395.78670098,397.45467624,42669509.0,702731742.27,1,0.3565,1,-0.4197,0
2022-08-30,sh.600048,396.7398297,407.70080998,395.5484188,403.8882951,395.78670098,53528444.0,904608096.89,1,0.4472,1,2.047,0
2022-08-31,sh.600048,403.8882951,414.84927538,401.5054733,412.2281714,403.8882951,81799948.0,1409226003.98,1,0.6833,1,2.0649,0
2022-09-01,sh.600048,411.27504268,421.04461206,407.70080998,412.46645358,412.2281714,65175770.0,1137011143.42,1,0.5445,1,0.0578,0
2022-09-02,sh.600048,413.4195823,414.84927538,399.1226515,405.55627036,412.46645358,64745410.0,1099681317.14,1,0.5409,1,-1.6753,0
2022-09-05,sh.600048,407.4625278,412.94301794,401.5054733,410.32191396,405.55627036,61591579.0,1053455280.24,1,0.5145,1,1.1751,0
2022-09-06,sh.600048,410.08363178,424.85712694,407.70080998,420.09148334,410.32191396,94606439.0,1667329698.8,1,0.7903,1,2.381,0
2022-09-07,sh.600048,418.1852259,422.47430514,412.2281714,418.1852259,420.09148334,48841741.0,855442664.24,1,0.408,1,-0.4538,0
2022-09-08,sh.600048,418.90007244,421.99774078,407.4625278,418.90007244,418.1852259,54482642.0,951370244.66,1,0.4551,1,0.1709,0
2022-09-09,sh.600048,416.75553282,442.25172608,415.08755756,440.10718646,418.90007244,135894728.0,2486154979.85,1,1.1353,1,5.0626,0
2022-09-13,sh.600048,436.53295376,439.6306221,428.19307746,431.05246362,440.10718646,74176065.0,1348840686.88,1,0.6197,1,-2.0574,0
2022-09-14,sh.600048,428.907924,445.11111224,427.23994874,432.24387452,431.05246362,69783211.0,1279893856.57,1,0.583,1,0.2764,0
2022-09-15,sh.600048,436.0563894,453.9275529,436.0563894,449.1619093,432.24387452,102620933.0,1927984182.86,1,0.8573,1,3.914,0
2022-09-16,sh.600048,447.9704984,451.78301328,428.19307746,430.0993349,449.1619093,130683407.0,2391452356.92,1,1.0917,1,-4.244,0
2022-09-19,sh.600048,428.43135964,441.29859736,425.57197348,439.39233992,430.0993349,84459012.0,1543996494.89,1,0.7056,1,2.1607,0
2022-09-20,sh.600048,440.58375082,441.53687954,415.08755756,420.32976552,439.39233992,111987445.0,1991075104.14,1,0.9355,1,-4.3384,0
2022-09-21,sh.600048,420.32976552,430.57589926,415.32583974,424.85712694,420.32976552,63082863.0,1123776378.28,1,0.527,1,1.0771,0
2022-09-22,sh.600048,425.3336913,426.5251022,407.70080998,417.47037936,424.85712694,82828679.0,1436822266.28,1,0.6919,1,-1.7386,0
2022-09-23,sh.600048,415.56412192,429.62277054,415.56412192,418.1852259,417.47037936,55743649.0,987855419.4,1,0.4657,1,0.1712,0
2022-09-26,sh.600048,424.1422804,432.00559234,420.09148334,421.52117642,418.1852259,64511812.0,1155124887.57,1,0.5389,1,0.7977,0
2022-09-27,sh.600048,422.23602296,425.09540912,409.13050306,421.04461206,421.52117642,61943813.0,1085098187.38,1,0.5175,1,-0.1131,0
2022-09-28,sh.600048,418.90007244,425.57197348,412.46645358,417.47037936,421.04461206,46144373.0,812062535.3,1,0.3855,1,-0.8489,0
2022-09-29,sh.600048,417.70866154,420.32976552,409.13050306,411.75160704,417.47037936,57323504.0,997017333.15,1,0.4789,1,-1.3699,0
2022-09-30,sh.600048,420.80632988,435.34154286,414.6109932,428.907924,411.75160704,95922773.0,1712173406.38,1,0.8013,1,4.1667,0
2022-10-10,sh.600048,424.1422804,452.736142,423.18915168,436.53295376,428.907924,111218669.0,2049241049.72,1,0.9291,1,1.7778,0
2022-10-11,sh.600048,436.53295376,438.20092902,423.66571604,426.28682002,436.53295376,58419050.0,1051209013.95,1,0.488,1,-2.3472,0
2022-10-12,sh.600048,423.90399822,439.15405774,422.9508695,432.00559234,426.28682002,58654457.0,1056581689.77,1,0.49,1,1.3415,0
2022-10-13,sh.600048,428.907924,431.76731016,405.31798818,421.28289424,432.00559234,96483595.0,1684132388.07,1,0.806,1,-2.4821,0
2022-10-14,sh.600048,421.28289424,431.76731016,406.50939908,411.0367605,421.28289424,107860698.0,1880827424.35,1,0.9011,1,-2.4321,0
2022-10-17,sh.600048,405.55627036,411.27504268,389.5913643,407.22424562,411.0367605,87959171.0,1479980532.38,1,0.7348,1,-0.9275,0
2022-10-18,sh.600048,407.22424562,410.79847832,395.5484188,400.07578022,407.22424562,65715455.0,1106480073.35,1,0.549,1,-1.7554,0
2022-10-19,sh.600048,399.59921586,408.41565652,397.9312406,401.98203766,400.07578022,55477775.0,940729004.99,1,0.4635,1,0.4765,0
2022-10-20,sh.600048,401.74375548,405.31798818,391.25933956,395.5484188,401.98203766,63761203.0,1060228357.4,1,0.5327,1,-1.6005,0
2022-10-21,sh.600048,397.9312406,413.89614666,397.21639406,399.59921586,395.5484188,79140560.0,1346598334.26,1,0.6611,1,1.0241,0
2022-10-24,sh.600048,393.40387918,395.78670098,384.34915634,386.97026032,399.59921586,92217743.0,1505906465.71,1,0.7704,1,-3.1604,0
2022-10-25,sh.600048,387.68510686,391.49762174,381.251488,384.8257207,386.97026032,71084776.0,1147468452.13,1,0.5938,1,-0.5542,0
2022-10-26,sh.600048,383.6343098,386.0171316,366.9545572,369.09909682,384.8257207,112106569.0,1752722191.99,1,0.9365,1,-4.0867,0
2022-10-27,sh.600048,369.81394336,379.10694838,369.09909682,374.1030226,369.09909682,68581357.0,1080774116.36,1,0.5729,1,1.3557,0
2022-10-28,sh.600048,374.1030226,378.39210184,363.3803245,365.28658194,374.1030226,63443926.0,985624308.61,1,0.53,1,-2.3567,0
2022-10-31,sh.600048,353.8490373,356.2318591,328.8294084,328.8294084,365.28658194,178893845.0,2495909822.19,1,1.4945,1,-9.9804,0
2022-11-01,sh.600048,325.49345788,330.49738366,306.90744784,324.30204698,328.8294084,253097055.0,3366806582.27,1,2.1143,1,-1.3768,0
2022-11-02,sh.600048,319.05983902,336.69272034,314.5324776,332.88020546,324.30204698,151775672.0,2086048642.62,1,1.2679,1,2.6451,0
2022-11-03,sh.600048,327.16143314,335.50130944,321.20437864,325.49345788,332.88020546,94977072.0,1303373973.38,1,0.7934,1,-2.219,0
2022-11-04,sh.600048,324.54032916,341.45836394,324.0637648,335.02474508,325.49345788,105120186.0,1475325052.68,1,0.8782,1,2.9283,0
2022-11-07,sh.600048,334.30989854,337.40756688,328.11456186,334.54818072,335.02474508,80104810.0,1118703973.69,1,0.6692,1,-0.1422,0
2022-11-08,sh.600048,334.54818072,341.69664612,330.0208193,333.595052,334.54818072,91300757.0,1287795951.46,1,0.7627,1,-0.2849,0
2022-11-09,sh.600048,339.07554214,354.56388384,339.07554214,341.9349283,333.595052,137000898.0,1990921838.27,1,1.1445,1,2.5,0
2022-11-10,sh.600048,340.26695304,346.22400754,331.45051238,342.88805702,341.9349283,65859165.0,940626015.7,1,0.5502,1,0.2787,0
2022-11-11,sh.600048,350.51308678,377.20069094,350.03652242,377.20069094,342.88805702,187957281.0,2896761506.14,1,1.5702,1,10.0069,0
2022-11-14,sh.600048,396.02498316,405.079706,377.91553748,388.16167122,377.20069094,222712123.0,3670924756.73,1,1.8605,1,2.9059,0
2022-11-15,sh.600048,384.58743852,395.78670098,377.91553748,383.6343098,388.16167122,135178671.0,2184572289.75,1,1.1293,1,-1.1664,0
2022-11-16,sh.600048,381.48977018,382.68118108,366.9545572,372.9116117,383.6343098,105183404.0,1645858804.04,1,0.8787,1,-2.795,0
2022-11-17,sh.600048,371.24363644,376.96240876,366.71627502,374.1030226,372.9116117,65819514.0,1030497389.75,1,0.5499,1,0.3195,0
2022-11-18,sh.600048,373.38817606,374.81786914,364.5717354,371.00535426,374.1030226,76556200.0,1189697957.05,1,0.6395,1,-0.828,0
2022-11-21,sh.600048,365.7631463,373.14989388,355.27873038,372.67332952,371.00535426,97689638.0,1489651180.17,1,0.8161,1,0.4496,0
2022-11-22,sh.600048,374.34130478,381.72805236,369.57566118,374.57958696,372.67332952,76355977.0,1203228214.89,1,0.6379,1,0.5115,0
2022-11-23,sh.600048,371.48191862,380.53664146,371.24363644,376.96240876,374.57958696,50129013.0,792832858.93,1,0.4188,1,0.6361,0
2022-11-24,sh.600048,384.11087416,388.63823558,371.24363644,379.58351274,376.96240876,77013411.0,1226574839.02,1,0.6434,1,0.6953,0
2022-11-25,sh.600048,380.53664146,404.84142382,380.53664146,401.26719112,379.58351274,153603163.0,2543876839.43,1,1.2832,1,5.7125,0
2022-11-28,sh.600048,390.7827752,396.50154752,387.2085425,389.11479994,401.26719112,75194996.0,1233717956.42,1,0.6282,1,-3.0285,0
2022-11-29,sh.600048,403.8882951,427.95479528,398.40780496,426.5251022,389.11479994,201163768.0,3489985279.04,1,1.6805,1,9.6142,0
2022-11-30,sh.600048,416.75553282,425.57197348,393.64216136,396.7398297,426.5251022,204498463.0,3485165453.17,1,1.7084,1,-6.9832,0
2022-12-01,sh.600048,399.1226515,401.74375548,391.02105738,394.83357226,396.7398297,123655918.0,2051265544.17,1,1.033,1,-0.4805,0
2022-12-02,sh.600048,390.7827752,390.7827752,375.2944335,384.8257207,394.83357226,146643999.0,2346771709.38,1,1.2251,1,-2.5347,0
2022-12-05,sh.600048,385.06400288,395.5484188,385.06400288,388.3999534,384.8257207,124572882.0,2042446201.04,1,1.0407,1,0.9288,0
2022-12-06,sh.600048,384.8257207,386.0171316,376.96240876,383.39602762,388.3999534,93138070.0,1489644465.35,1,0.7781,1,-1.2883,0
2022-12-07,sh.600048,381.01320582,382.68118108,368.1459681,374.1030226,383.39602762,102778267.0,1611848625.33,1,0.8586,1,-2.4239,0
2022-12-08,sh.600048,374.1030226,383.39602762,372.9116117,380.0600771,374.1030226,91757660.0,1461476108.32,1,0.7665,1,1.5924,0
2022-12-09,sh.600048,383.39602762,396.02498316,381.72805236,391.9741861,380.0600771,123904153.0,2023666441.42,1,1.0351,1,3.1348,0
2022-12-12,sh.600048,387.44682468,387.44682468,374.1030226,375.2944335,391.9741861,75755438.0,1204854749.59,1,0.6329,1,-4.2553,0
2022-12-13,sh.600048,374.57958696,384.34915634,372.67332952,380.29835928,375.2944335,64274707.0,1022881571.01,1,0.5369,1,1.3333,0
2022-12-14,sh.600048,379.82179492,379.82179492,373.62645824,375.77099786,380.29835928,52922235.0,835218196.0,1,0.4421,1,-1.1905,0
2022-12-15,sh.600048,371.7202008,376.96240876,359.8060918,374.57958696,375.77099786,103822286.0,1602559397.91,1,0.8673,1,-0.3171,0
2022-12-16,sh.600048,377.91553748,386.25541378,372.9116117,381.72805236,374.57958696,86215703.0,1378118214.64,1,0.7202,1,1.9084,0
2022-12-19,sh.600048,380.29835928,388.3999534,371.7202008,375.77099786,381.72805236,78765362.0,1251188342.56,1,0.658,1,-1.5605,0
2022-12-20,sh.600048,369.81394336,373.38817606,364.09517104,366.71627502,375.77099786,50168653.0,774385313.83,1,0.4191,1,-2.4096,0
2022-12-21,sh.600048,366.00142848,370.05222554,363.85688886,366.47799284,366.71627502,36860094.0,567291905.01,1,0.3079,1,-0.065,0
2022-12-22,sh.600048,369.81394336,372.9116117,365.7631463,368.38425028,366.47799284,34293420.0,530720481.42,1,0.2865,1,0.5202,0
2022-12-23,sh.600048,365.7631463,376.00928004,364.81001758,373.14989388,368.38425028,45452930.0,710987980.6,1,0.3797,1,1.2937,0
2022-12-26,sh.600048,373.14989388,376.4858444,358.85296308,360.52093834,373.14989388,74652176.0,1136678339.55,1,0.6236,1,-3.3844,0
2022-12-27,sh.600048,361.71234924,370.05222554,359.56780962,363.61860668,360.52093834,50159406.0,768548610.03,1,0.419,1,0.8592,0
2022-12-28,sh.600048,362.1889136,370.05222554,359.32952744,366.23971066,363.61860668,50644352.0,776390288.77,1,0.4231,1,0.7208,0
2022-12-29,sh.600048,364.09517104,364.81001758,353.8490373,357.66155218,366.23971066,62666763.0,937285068.54,1,0.5235,1,-2.3422,0
2022-12-30,sh.600048,357.18498782,362.1889136,352.18106204,360.52093834,357.66155218,61480590.0,923681120.83,1,0.5136,1,0.7995,0
2023-01-03,sh.600048,365.7631463,380.77492364,362.90376014,367.43112156,360.52093834,147963618.0,2313503097.04,1,1.2361,1,1.9167,0
2023-01-04,sh.600048,367.43112156,387.2085425,365.7631463,381.72805236,367.43112156,133505716.0,2129676835.23,1,1.1153,1,3.8911,0
2023-01-05,sh.600048,382.20461672,392.92731482,379.10694838,389.82964648,381.72805236,94350450.0,1537877348.03,1,0.7882,1,2.1223,0
2023-01-06,sh.600048,389.5913643,396.26326534,382.91946326,384.34915634,389.82964648,91212459.0,1487451141.2,1,0.762,1,-1.4059,0
2023-01-09,sh.600048,385.06400288,387.68510686,374.34130478,377.43897312,384.34915634,76247511.0,1212671455.01,1,0.637,1,-1.7979,0
2023-01-10,sh.600048,378.39210184,380.53664146,372.9116117,378.8686662,377.43897312,51323235.0,812634446.3,1,0.4287,1,0.3788,0
2023-01-11,sh.600048,379.34523056,396.02498316,377.6772553,388.16167122,378.8686662,91614713.0,1494676637.89,1,0.7653,1,2.4528,0
2023-01-12,sh.600048,388.16167122,390.30621084,377.43897312,378.8686662,388.16167122,48816524.0,779198448.02,1,0.4078,1,-2.3941,0
2023-01-13,sh.600048,376.72412658,380.53664146,373.62645824,377.20069094,378.8686662,64292119.0,1014426959.44,1,0.5371,1,-0.4403,0
2023-01-16,sh.600048,377.20069094,381.72805236,372.19676516,380.29835928,377.20069094,69908401.0,1108929007.4,1,0.584,1,0.8212,0
2023-01-17,sh.600048,381.01320582,384.58743852,374.81786914,382.4428989,380.29835928,54977549.0,878059701.29,1,0.4593,1,0.5639,0
2023-01-18,sh.600048,382.4428989,384.8257207,373.62645824,375.05615132,382.4428989,62720190.0,990186239.08,1,0.524,1,-1.9315,0
2023-01-19,sh.600048,371.95848298,374.1030226,365.7631463,374.1030226,375.05615132,67401909.0,1047106168.4,1,0.5631,1,-0.2541,0
2023-01-20,sh.600048,372.67332952,378.15381966,370.76707208,376.4858444,374.1030226,56208263.0,884951711.2,1,0.4696,1,0.6369,0
2023-01-30,sh.600048,379.58351274,381.01320582,366.9545572,369.81394336,376.4858444,98867272.0,1537981674.08,1,0.8259,1,-1.7722,0
2023-01-31,sh.600048,368.1459681,375.53271568,366.47799284,374.81786914,369.81394336,59475252.0,930797234.52,1,0.4969,1,1.3531,0
2023-02-01,sh.600048,374.1030226,376.72412658,365.28658194,371.48191862,374.81786914,85834729.0,1330151071.01,1,0.7171,1,-0.89,0
2023-02-02,sh.600048,371.00535426,373.62645824,366.00142848,372.9116117,371.48191862,80259898.0,1246487528.14,1,0.6705,1,0.3849,0
2023-02-03,sh.600048,370.5287899,370.76707208,362.1889136,365.28658194,372.9116117,77895915.0,1193660521.64,1,0.6507,1,-2.0447,0
2023-02-06,sh.600048,360.75922052,363.14204232,356.94670564,357.89983436,365.28658194,73288637.0,1104397626.67,1,0.6122,1,-2.0222,0
2023-02-07,sh.600048,357.89983436,367.66940374,357.42327,364.09517104,357.89983436,62102282.0,950026244.69,1,0.5188,1,1.731,0
2023-02-08,sh.600048,363.85688886,372.9116117,362.66547796,370.29050772,364.09517104,85331953.0,1325027975.94,1,0.7129,1,1.7016,0
2023-02-09,sh.600048,370.29050772,377.6772553,368.38425028,373.62645824,370.29050772,55839328.0,878282869.57,1,0.4665,1,0.9009,0
2023-02-10,sh.600048,374.1030226,380.0600771,371.24363644,376.00928004,373.62645824,47252902.0,746506810.96,1,0.3947,1,0.6378,0
2023-02-13,sh.600048,376.4858444,377.91553748,369.09909682,371.00535426,376.00928004,65895088.0,1028400686.16,1,0.5505,1,-1.3308,0
2023-02-14,sh.600048,371.48191862,375.53271568,366.47799284,371.7202008,371.00535426,52963185.0,824350119.19,1,0.4424,1,0.1927,0
2023-02-15,sh.600048,369.81394336,370.05222554,357.89983436,360.28265616,371.7202008,105880608.0,1605631305.66,1,0.8845,1,-3.0769,0
2023-02-16,sh.600048,359.8060918,367.90768592,355.51701256,358.6146809,360.28265616,87776045.0,1334972387.99,1,0.7333,1,-0.463,0
2023-02-17,sh.600048,358.37639872,360.9975027,356.2318591,357.42327,358.6146809,42467914.0,639383935.23,1,0.3548,1,-0.3322,0
2023-02-20,sh.600048,356.47014128,364.5717354,355.75529474,363.61860668,357.42327,68215209.0,1032222327.39,1,0.5699,1,1.7333,0
2023-02-21,sh.600048,366.9545572,369.337379,361.47406706,365.7631463,363.61860668,62819201.0,962997614.22,1,0.5248,1,0.5898,0
2023-02-22,sh.600048,362.42719578,364.33345322,360.04437398,361.95063142,365.7631463,34101236.0,518004375.34,1,0.2849,1,-1.0423,0
2023-02-23,sh.600048,362.1889136,366.00142848,361.23578488,362.90376014,361.95063142,37866644.0,577592154.09,1,0.3163,1,0.2633,0
2023-02-24,sh.600048,362.1889136,362.90376014,352.89590858,355.51701256,362.90376014,93680773.0,1398604417.45,1,0.7826,1,-2.0355,0
2023-02-27,sh.600048,354.80216602,360.52093834,354.80216602,357.89983436,355.51701256,50802372.0,763558213.07,1,0.4244,1,0.6702,0
2023-02-28,sh.600048,357.42327,359.8060918,350.75136896,359.56780962,357.89983436,81069385.0,1208320150.29,1,0.6772,1,0.466,0
2023-03-01,sh.600048,359.32952744,361.23578488,356.94670564,360.52093834,359.56780962,66865490.0,1009456475.09,1,0.5586,1,0.2651,0
2023-03-02,sh.600048,359.56780962,363.14204232,354.56388384,355.51701256,360.52093834,92755739.0,1395316334.29,1,0.7749,1,-1.388,0
2023-03-03,sh.600048,355.99357692,359.8060918,351.70449768,358.85296308,355.51701256,83108485.0,1240212287.92,1,0.6943,1,0.9383,0
2023-03-06,sh.600048,357.89983436,358.85296308,347.8919828,351.70449768,358.85296308,104892076.0,1550871347.2,1,0.8763,1,-1.992,0
2023-03-07,sh.600048,350.98965114,351.94277986,345.74744318,346.46228972,351.70449768,67546927.0,987857291.38,1,0.5643,1,-1.4905,0
2023-03-08,sh.600048,345.509161,348.84511152,342.64977484,347.8919828,346.46228972,43424426.0,628981515.51,1,0.3628,1,0.4127,0
2023-03-09,sh.600048,347.65370062,349.0833937,344.07946792,344.07946792,347.8919828,38832475.0,562962834.27,1,0.3244,1,-1.0959,0
2023-03-10,sh.600048,341.9349283,342.88805702,338.12241342,340.50523522,344.07946792,41463236.0,592200683.94,1,0.3464,1,-1.0388,0
2023-03-13,sh.600048,339.31382432,341.9349283,333.595052,336.45443816,340.50523522,55928619.0,789866058.25,1,0.4672,1,-1.1896,0
2023-03-14,sh.600048,335.50130944,342.17321048,332.4036411,337.1692847,336.45443816,50910951.0,721386984.56,1,0.4253,1,0.2125,0
2023-03-15,sh.600048,338.12241342,344.3177501,337.64584906,341.69664612,337.1692847,38005455.0,544433461.25,1,0.3175,1,1.3428,0
2023-03-16,sh.600048,340.02867086,345.509161,337.64584906,341.22008176,341.69664612,39312408.0,564641456.65,1,0.3284,1,-0.1395,0
2023-03-17,sh.600048,343.1263392,348.60682934,341.9349283,343.36462138,341.22008176,57599274.0,836170612.09,1,0.4812,1,0.6285,0
2023-03-20,sh.600048,345.03259664,349.0833937,340.02867086,341.45836394,343.36462138,43767769.0,633076283.56,1,0.3656,1,-0.5552,0
2023-03-21,sh.600048,341.22008176,343.60290356,336.45443816,337.64584906,341.45836394,44418999.0,630923907.46,1,0.3711,1,-1.1165,0
2023-03-22,sh.600048,337.88413124,346.93885408,336.93100252,345.27087882,337.64584906,55601164.0,801835983.6,1,0.4645,1,2.2583,0
2023-03-23,sh.600048,344.07946792,346.22400754,339.5521065,343.84118574,345.27087882,46067706.0,661634448.43,1,0.3848,1,-0.4141,0
2023-03-24,sh.600048,343.1263392,343.84118574,337.1692847,341.69664612,343.84118574,57908911.0,827053855.56,1,0.4838,1,-0.6237,0
2023-03-27,sh.600048,340.7435174,341.69664612,335.9778738,337.1692847,341.69664612,39965274.0,566463983.08,1,0.3339,1,-1.325,0
2023-03-28,sh.600048,338.12241342,340.02867086,331.68879456,332.88020546,337.1692847,48218119.0,677027648.95,1,0.4028,1,-1.2721,0
2023-03-29,sh.600048,333.595052,341.9349283,333.595052,336.45443816,332.88020546,70289691.0,996280356.78,1,0.5872,1,1.0737,0
2023-03-30,sh.600048,336.69272034,343.60290356,333.595052,343.36462138,336.45443816,55771059.0,794722008.97,1,0.4659,1,2.0538,0
2023-03-31,sh.600048,343.1263392,345.509161,334.54818072,336.69272034,343.36462138,61811187.0,877820387.59,1,0.5164,1,-1.9431,0
2023-04-03,sh.600048,337.88413124,350.98965114,335.26302726,348.36854716,336.69272034,120663767.0,1759242467.57,1,1.008,1,3.4678,0
2023-04-04,sh.600048,347.8919828,350.51308678,345.27087882,349.0833937,348.36854716,49960223.0,730221037.57,1,0.4174,1,0.2052,0
2023-04-06,sh.600048,348.60682934,350.98965114,345.509161,348.13026498,349.0833937,40656101.0,593394523.9,1,0.3396,1,-0.273,0
2023-04-07,sh.600048,349.32167588,363.3803245,349.32167588,360.04437398,348.13026498,111195971.0,1680927636.75,1,0.9289,1,3.4223,0
2023-04-10,sh.600048,359.09124526,364.5717354,353.8490373,360.9975027,360.04437398,62409758.0,943865364.74,1,0.5214,1,0.2647,0
2023-04-11,sh.600048,361.23578488,364.09517104,355.75529474,363.61860668,360.9975027,80803902.0,1225505870.38,1,0.675,1,0.7261,0
2023-04-12,sh.600048,364.5717354,365.52486412,358.13811654,361.95063142,363.61860668,48055562.0,727702986.41,1,0.4015,1,-0.4587,0
2023-04-13,sh.600048,360.9975027,363.85688886,356.70842346,361.47406706,361.95063142,44491338.0,673352463.35,1,0.3717,1,-0.1317,0
2023-04-14,sh.600048,361.47406706,363.61860668,358.37639872,359.09124526,361.47406706,37762018.0,570682099.48,1,0.3155,1,-0.6592,0
2023-04-17,sh.600048,354.08731948,354.08731948,345.98572536,354.08731948,359.09124526,84491112.0,1244143124.43,1,0.7058,1,-1.3935,0
2023-04-18,sh.600048,353.61075512,357.18498782,349.0833937,350.75136896,354.08731948,59287336.0,876426769.67,1,0.4953,1,-0.9421,0
2023-04-19,sh.600048,351.22793332,351.4662155,341.45836394,342.64977484,350.75136896,61222806.0,885936540.08,1,0.5114,1,-2.3098,0
2023-04-20,sh.600048,343.36462138,344.3177501,335.9778738,340.02867086,342.64977484,54204920.0,773465217.02,1,0.4528,1,-0.765,0
2023-04-21,sh.600048,341.69664612,347.65370062,340.98179958,342.41149266,340.02867086,70208080.0,1016435809.94,1,0.5865,1,0.7008,0
2023-04-24,sh.600048,340.7435174,342.41149266,334.7864629,335.9778738,342.41149266,59336727.0,841943903.01,1,0.4957,1,-1.8789,0
2023-04-25,sh.600048,337.1692847,337.88413124,329.54425494,334.54818072,335.9778738,42115091.0,589305967.9,1,0.3518,1,-0.4255,0
2023-04-26,sh.600048,330.73566584,332.4036411,326.68486878,330.97394802,334.54818072,47416438.0,657257079.08,1,0.3961,1,-1.0684,0
2023-04-27,sh.600048,329.78253712,332.16535892,326.92315096,330.73566584,330.97394802,50016744.0,692188113.49,1,0.4178,1,-0.072,0
2023-04-28,sh.600048,330.25910148,331.45051238,325.49345788,331.45051238,330.73566584,55250566.0,763100780.31,1,0.4616,1,0.2161,0
2023-05-04,sh.600048,326.4465866,328.8294084,318.82155684,326.68486878,331.45051238,87964834.0,1197532387.13,1,0.7349,1,-1.4378,0
2023-05-05,sh.600048,325.73174006,342.64977484,325.01689352,339.79038868,326.68486878,99108512.0,1394426965.41,1,0.8279,1,4.0117,0
2023-05-08,sh.600048,335.9778738,348.60682934,330.25910148,346.22400754,339.79038868,107348276.0,1532792470.0,1,0.8968,1,1.8934,0
2023-05-09,sh.600048,343.60290356,362.1889136,342.41149266,351.70449768,346.22400754,133742990.0,1993364989.45,1,1.1173,1,1.5829,0
2023-05-10,sh.600048,352.41934422,353.8490373,342.88805702,345.03259664,351.70449768,66462137.0,968488483.53,1,0.5552,1,-1.897,0
2023-05-11,sh.600048,345.03259664,345.27087882,338.59897778,340.7435174,345.03259664,41679915.0,597843601.5,1,0.3482,1,-1.2431,0
2023-05-12,sh.600048,340.98179958,343.36462138,336.69272034,337.1692847,340.7435174,36803180.0,524190921.84,1,0.3075,1,-1.049,0
2023-05-15,sh.600048,337.40756688,339.07554214,331.92707674,335.50130944,337.1692847,52401006.0,735200643.6,1,0.4378,1,-0.4947,0
2023-05-16,sh.600048,335.50130944,337.1692847,331.2122302,332.64192328,335.50130944,37434867.0,523486988.01,1,0.3127,1,-0.8523,0
2023-05-17,sh.600048,332.4036411,334.30989854,326.92315096,330.25910148,332.64192328,46838538.0,648844899.09,1,0.3913,1,-0.7163,0
2023-05-18,sh.600048,330.25910148,332.4036411,326.92315096,328.59112622,330.25910148,33304588.0,460512585.97,1,0.2782,1,-0.5051,0
2023-05-19,sh.600048,326.68486878,327.6379975,319.53640338,322.8723539,328.59112622,60203407.0,817480469.94,1,0.5029,1,-1.7404,0
2023-05-22,sh.600048,320.4895321,323.58720044,319.2981212,322.39578954,322.8723539,43075210.0,580621178.49,1,0.3598,1,-0.1476,0
2023-05-23,sh.600048,321.680943,323.58720044,318.82155684,318.82155684,322.39578954,45849216.0,616808589.22,1,0.383,1,-1.1086,0
2023-05-24,sh.600048,318.1067103,318.34499248,306.90744784,306.90744784,318.82155684,72792905.0,949503753.03,1,0.6081,1,-3.7369,0
2023-05-25,sh.600048,305.0011904,309.766834,302.6183686,305.71603694,306.90744784,49127768.0,630083814.7,1,0.4104,1,-0.3882,0
2023-05-26,sh.600048,305.23947258,312.62622016,302.14180424,312.1496558,305.71603694,47534008.0,614292151.46,1,0.3971,1,2.1044,0
2023-05-29,sh.600048,310.24339836,312.1496558,307.3840122,308.33714092,312.1496558,38219085.0,496718267.01,1,0.3193,1,-1.2214,0
2023-05-30,sh.600048,307.86057656,309.52855182,292.84879922,308.5754231,308.33714092,100431403.0,1265619898.26,1,0.839,1,0.0773,0
2023-05-31,sh.600048,307.3840122,313.57934888,303.33321514,303.57149732,308.5754231,63669608.0,820247017.12,1,0.5319,1,-1.6216,0
2023-06-01,sh.600048,302.6183686,306.66916566,297.37616064,305.23947258,303.57149732,50692228.0,644780998.12,1,0.4235,1,0.5495,0
2023-06-02,sh.600048,306.66916566,326.4465866,305.95431912,323.58720044,305.23947258,118117405.0,1578417762.48,1,0.9867,1,6.0109,0
2023-06-05,sh.600048,319.2981212,324.0637648,315.24732414,322.15750736,323.58720044,71355402.0,958814663.18,1,0.5961,1,-0.4418,0
2023-06-06,sh.600048,322.63407172,330.49738366,321.20437864,322.39578954,322.15750736,67858933.0,927633469.4,1,0.5669,1,0.074,0
2023-06-07,sh.600048,324.77861134,331.92707674,323.58720044,325.49345788,322.39578954,66828274.0,917877483.48,1,0.5583,1,0.9608,0
2023-06-08,sh.600048,324.77861134,336.93100252,321.680943,333.83333418,325.49345788,90653246.0,1261599700.59,1,0.7573,1,2.5622,0
2023-06-09,sh.600048,333.83334168,336.0490497,328.17097674,329.64811542,333.83334168,69326727.0,931651432.36,1,0.5791,1,-1.2537,0
2023-06-12,sh.600048,331.86382344,335.55667014,329.15573586,330.87906432,329.64811542,53407999.0,721187675.75,1,0.4462,1,0.3734,0
2023-06-13,sh.600048,332.356203,341.95760442,330.14049498,334.07953146,330.87906432,67156990.0,915218130.05,1,0.561,1,0.9673,0
2023-06-14,sh.600048,336.0490497,337.52618838,329.64811542,330.14049498,334.07953146,60599712.0,819794528.39,1,0.5062,1,-1.1791,0
2023-06-15,sh.600048,329.8943052,334.57191102,329.40192564,332.11001322,330.14049498,49481041.0,666442195.54,1,0.4134,1,0.5966,0
2023-06-16,sh.600048,332.356203,336.78761904,330.63287454,333.5871519,332.11001322,58442413.0,793175059.48,1,0.4882,1,0.4448,0
2023-06-19,sh.600048,334.32572124,334.8181008,327.4324074,330.63287454,333.5871519,61914903.0,830398670.7,1,0.5172,1,-0.8856,0
2023-06-20,sh.600048,330.87906432,331.86382344,321.52385268,323.7395607,330.63287454,71800461.0,948398164.5,1,0.5998,1,-2.0849,0
2023-06-21,sh.600048,322.01623224,328.17097674,321.77004246,323.00099136,323.7395607,41458894.0,546450390.02,1,0.3463,1,-0.2281,0
2023-06-26,sh.600048,320.046714,322.75480158,315.86148774,320.53909356,323.00099136,51717807.0,671666642.87,1,0.432,1,-0.7622,0
2023-06-27,sh.600048,320.78528334,333.5871519,316.10767752,330.63287454,320.53909356,72390380.0,963704896.66,1,0.6047,1,3.149,0
2023-06-28,sh.600048,331.37144388,332.356203,325.46288916,329.8943052,330.63287454,36472622.0,486649149.52,1,0.3047,1,-0.2234,0
2023-06-29,sh.600048,329.64811542,331.1252541,322.5086118,324.72431982,329.8943052,31905172.0,421287479.47,1,0.2665,1,-1.5672,0
2023-06-30,sh.600048,324.47813004,328.90954608,320.29290378,320.78528334,324.72431982,46454646.0,610899558.27,1,0.3881,1,-1.213,0
2023-07-03,sh.600048,320.046714,323.98575048,318.32338554,323.00099136,320.78528334,45745818.0,598454730.45,1,0.3822,1,0.6907,0
2023-07-04,sh.600048,321.77004246,322.01623224,309.46055346,313.15340016,323.00099136,107490368.0,1367462986.33,1,0.898,1,-3.0488,0
2023-07-05,sh.600048,312.16864104,313.64577972,308.72198412,311.18388192,313.15340016,66936981.0,845816580.15,1,0.5592,1,-0.6289,0
2023-07-06,sh.600048,310.93769214,318.32338554,308.9681739,316.10767752,311.18388192,58425169.0,747107872.69,1,0.4881,1,1.5823,0
2023-07-07,sh.600048,319.80052422,321.52385268,311.67626148,315.1229184,316.10767752,52459602.0,673071084.75,1,0.4382,1,-0.3115,0
2023-07-10,sh.600048,315.61529796,318.07719576,311.67626148,312.6610206,315.1229184,37466400.0,478331016.03,1,0.313,1,-0.7813,0
2023-07-11,sh.600048,316.3538673,318.8157651,311.92245126,313.64577972,312.6610206,41251224.0,527073744.34,1,0.3446,1,0.315,0
2023-07-12,sh.600048,311.67626148,312.41483082,303.79818852,306.26008632,313.64577972,85400926.0,1065413583.21,1,0.7134,1,-2.3548,0
2023-07-13,sh.600048,306.75246588,310.1991228,306.01389654,309.46055346,306.26008632,46314158.0,579537811.25,1,0.3869,1,1.045,0
2023-07-14,sh.600048,308.72198412,313.15340016,306.01389654,310.1991228,309.46055346,48877319.0,613841350.19,1,0.4083,1,0.2387,0
2023-07-17,sh.600048,309.46055346,309.70674324,305.2753272,306.75246588,310.1991228,27967777.0,348303722.91,1,0.2336,1,-1.1111,0
2023-07-18,sh.600048,306.01389654,311.4300717,304.29056808,309.70674324,306.75246588,46441681.0,581314112.04,1,0.388,1,0.9631,0
2023-07-19,sh.600048,308.22960456,316.10767752,307.98341478,313.8919695,309.70674324,55315243.0,702863230.35,1,0.4621,1,1.3514,0
2023-07-20,sh.600048,313.8919695,318.56957532,311.67626148,314.13815928,313.8919695,58596110.0,749964636.73,1,0.4895,1,0.0784,0
2023-07-21,sh.600048,313.39958994,319.06195488,312.90721038,317.09243664,314.13815928,60041980.0,771443323.31,1,0.5016,1,0.9404,0
2023-07-24,sh.600048,317.83100598,319.06195488,307.24484544,310.44531258,317.09243664,55235954.0,698757851.07,1,0.4614,1,-2.0963,0
2023-07-25,sh.600048,321.2776629,338.01856794,321.2776629,337.52618838,310.44531258,211799737.0,2868643832.5,1,1.7694,1,8.7232,0
2023-07-26,sh.600048,337.03380882,340.48046574,333.5871519,338.26475772,337.52618838,93175310.0,1277783274.19,1,0.7784,1,0.2188,0
2023-07-27,sh.600048,336.29523948,342.2037942,330.63287454,337.52618838,338.26475772,79362576.0,1089772575.18,1,0.663,1,-0.2183,0
2023-07-28,sh.600048,342.69617376,357.46756056,338.5109475,354.26709342,337.52618838,155523851.0,2204091103.63,1,1.2992,1,4.9599,0
2023-07-31,sh.600048,355.7442321,363.62230506,348.85091826,350.32805694,354.26709342,146364726.0,2118326515.64,1,1.2227,1,-1.1119,0
2023-08-01,sh.600048,347.61996936,358.2061299,345.65045112,349.83567738,350.32805694,105124978.0,1505965217.13,1,0.8782,1,-0.1405,0
2023-08-02,sh.600048,349.34329782,356.23661166,347.86615914,349.09710804,349.83567738,66935234.0,954495628.68,1,0.5592,1,-0.2111,0
2023-08-03,sh.600048,347.1275898,356.48280144,344.17331244,355.49804232,349.09710804,89968724.0,1286146275.27,1,0.7516,1,1.8336,0
2023-08-04,sh.600048,361.65278682,363.37611528,351.55900584,354.5132832,355.49804232,112856617.0,1632157339.47,1,0.9428,1,-0.277,0
2023-08-07,sh.600048,350.32805694,350.8204365,340.23427596,342.69617376,354.5132832,86388168.0,1204908253.11,1,0.7217,1,-3.3333,0
2023-08-08,sh.600048,340.9728453,346.14283068,338.26475772,338.75713728,342.69617376,59206730.0,821894963.69,1,0.4946,1,-1.1494,0
2023-08-09,sh.600048,338.75713728,347.1275898,336.29523948,344.665692,338.75713728,58980843.0,823392035.38,1,0.4927,1,1.7442,0
2023-08-10,sh.600048,343.68093288,351.55900584,342.94236354,347.86615914,344.665692,48486526.0,683721159.06,1,0.4051,1,0.9286,0
2023-08-11,sh.600048,349.83567738,351.80519562,340.23427596,343.68093288,347.86615914,57751907.0,810413434.63,1,0.4825,1,-1.2031,0
2023-08-14,sh.600048,337.2799986,348.3585387,332.356203,344.91188178,343.68093288,72494323.0,1003005225.02,1,0.6056,1,0.3582,0
2023-08-15,sh.600048,342.69617376,349.5894876,339.7418964,344.17331244,344.91188178,43363625.0,607195328.15,1,0.3623,1,-0.2141,0
2023-08-16,sh.600048,344.91188178,356.975181,341.95760442,350.8204365,344.17331244,102740457.0,1467361887.28,1,0.8583,1,1.9313,0
2023-08-17,sh.600048,347.37377958,353.52852408,346.14283068,350.8204365,350.8204365,55051048.0,781361746.75,1,0.4599,1,0.0,0
2023-08-18,sh.600048,354.02090364,358.2061299,348.60472848,348.60472848,350.8204365,72070706.0,1033425656.39,1,0.6021,1,-0.6316,0
2023-08-21,sh.600048,347.61996936,349.34329782,339.98808618,342.2037942,348.60472848,59475036.0,831003694.34,1,0.4968,1,-1.8362,0
2023-08-22,sh.600048,342.44998398,345.40426134,339.00332706,341.95760442,342.2037942,45061426.0,625152475.46,1,0.3764,1,-0.0719,0
2023-08-23,sh.600048,341.46522486,344.91188178,337.2799986,337.2799986,341.95760442,44647672.0,618476618.09,1,0.373,1,-1.3679,0
2023-08-24,sh.600048,338.01856794,341.71141464,330.63287454,334.07953146,337.2799986,46121344.0,627258412.51,1,0.3853,1,-0.9489,0
2023-08-25,sh.600048,335.55667014,353.03614452,334.07953146,344.17331244,334.07953146,85067263.0,1187881013.82,1,0.7106,1,3.0214,0
2023-08-28,sh.600048,366.33039264,366.57658242,350.32805694,353.52852408,344.17331244,162257831.0,2348171939.86,1,1.3555,1,2.7182,0
2023-08-29,sh.600048,353.77471386,359.68326858,348.85091826,356.975181,353.52852408,115741384.0,1667809779.38,1,0.9669,1,0.9749,0
2023-08-30,sh.600048,358.2061299,363.62230506,355.99042188,363.1299255,356.975181,110823204.0,1625886557.79,1,0.9258,1,1.7241,0
2023-08-31,sh.600048,360.91421748,362.88373572,342.2037942,344.17331244,363.1299255,98623790.0,1395097145.38,1,0.8239,1,-5.2203,0
2023-09-01,sh.600048,349.83567738,352.29757518,343.4347431,350.8204365,344.17331244,104343111.0,1483406473.27,1,0.8717,1,1.9313,0
2023-09-04,sh.600048,354.75947298,359.92945836,347.61996936,348.11234892,350.8204365,110229362.0,1580719684.0,1,0.9208,1,-0.7719,0
2023-09-05,sh.600048,348.11234892,348.11234892,337.77237816,339.98808618,348.11234892,82866504.0,1146224564.8,1,0.6923,1,-2.3338,0
2023-09-06,sh.600048,339.00332706,347.86615914,334.8181008,346.88140002,339.98808618,103002353.0,1429700419.09,1,0.8605,1,2.0275,0
2023-09-07,sh.600048,344.41950222,350.8204365,341.21903508,345.65045112,346.88140002,50648540.0,713222787.21,1,0.4231,1,-0.3549,0
2023-09-08,sh.600048,343.92712266,346.63521024,340.23427596,343.92712266,345.65045112,30181494.0,420789481.55,1,0.2521,1,-0.4986,0
2023-09-11,sh.600048,343.68093288,344.91188178,334.07953146,338.26475772,343.92712266,72548133.0,994993746.02,1,0.6061,1,-1.6464,0
2023-09-12,sh.600048,336.78761904,337.77237816,333.5871519,334.8181008,338.26475772,51395625.0,699462621.01,1,0.4294,1,-1.0189,0
2023-09-13,sh.600048,334.57191102,339.00332706,333.34096212,335.06429058,334.8181008,49025245.0,668650043.56,1,0.4096,1,0.0735,0
2023-09-14,sh.600048,334.32572124,335.55667014,330.63287454,333.5871519,335.06429058,47815137.0,645810449.29,1,0.3994,1,-0.4409,0
2023-09-15,sh.600048,335.06429058,335.80285992,327.4324074,328.90954608,333.5871519,64346327.0,863201777.18,1,0.5375,1,-1.4022,0
2023-09-18,sh.600048,327.4324074,327.67859718,320.78528334,323.24718114,328.90954608,80881510.0,1061321507.44,1,0.6757,1,-1.7216,0
2023-09-19,sh.600048,324.72431982,324.9705096,320.78528334,322.26242202,323.24718114,46331788.0,606976569.9,1,0.3871,1,-0.3046,0
2023-09-20,sh.600048,321.77004246,328.41716652,320.29290378,324.9705096,322.26242202,40408052.0,533572942.79,1,0.3376,1,0.8403,0
2023-09-21,sh.600048,328.90954608,333.5871519,325.70907894,326.44764828,324.9705096,51310343.0,685978373.2,1,0.4286,1,0.4545,0
2023-09-22,sh.600048,324.9705096,329.64811542,323.98575048,328.6633563,326.44764828,44356824.0,588948761.99,1,0.3706,1,0.6787,0
2023-09-25,sh.600048,326.94002784,327.4324074,316.60005708,317.5848162,328.6633563,93165204.0,1208734229.41,1,0.7783,1,-3.3708,0
2023-09-26,sh.600048,317.5848162,319.55433444,314.63053884,316.10767752,317.5848162,37125796.0,477586802.27,1,0.3101,1,-0.4651,0
2023-09-27,sh.600048,315.36910818,316.60005708,312.90721038,314.63053884,316.10767752,45378661.0,579854895.23,1,0.3791,1,-0.4673,0
2023-09-28,sh.600048,315.36910818,317.5848162,312.41483082,313.64577972,314.63053884,34515985.0,440720303.65,1,0.2883,1,-0.313,0
2023-10-09,sh.600048,311.4300717,311.92245126,306.75246588,309.46055346,313.64577972,55882838.0,701503647.92,1,0.4668,1,-1.3344,0
2023-10-10,sh.600048,309.70674324,311.4300717,306.75246588,307.49103522,309.46055346,43852848.0,549328153.34,1,0.3663,1,-0.6364,0
2023-10-11,sh.600048,307.98341478,308.9681739,303.05961918,305.76770676,307.49103522,56603133.0,702110174.52,1,0.4729,1,-0.5604,0
2023-10-12,sh.600048,306.5062761,309.46055346,304.53675786,309.21436368,305.76770676,41324224.0,516214410.73,1,0.3452,1,1.1272,0
2023-10-13,sh.600048,306.5062761,309.70674324,304.78294764,306.5062761,309.21436368,33329340.0,415671498.83,1,0.2784,1,-0.8758,0
2023-10-16,sh.600048,306.01389654,307.98341478,296.41249512,297.8896338,306.5062761,64568777.0,786097919.41,1,0.5394,1,-2.8112,0
2023-10-17,sh.600048,297.8896338,300.3515316,291.48869952,295.92011556,297.8896338,58952211.0,706330757.24,1,0.4925,1,-0.6612,0
2023-10-18,sh.600048,294.68916666,296.41249512,292.22726886,294.93535644,295.92011556,42657227.0,510687086.78,1,0.3564,1,-0.3328,0
2023-10-19,sh.600048,293.45821776,294.68916666,285.5801448,286.31871414,294.93535644,53254012.0,624778726.21,1,0.4449,1,-2.9215,0
2023-10-20,sh.600048,286.31871414,288.28823238,280.6563492,283.85681634,286.31871414,77825466.0,898963735.95,1,0.6501,1,-0.8598,0
2023-10-23,sh.600048,281.8872981,285.5801448,277.70207184,280.90253898,283.85681634,56083231.0,641183563.31,1,0.4685,1,-1.0408,0
2023-10-24,sh.600048,281.39491854,285.33395502,279.67159008,281.8872981,280.90253898,51151621.0,586105831.61,1,0.4273,1,0.3506,0
2023-10-25,sh.600048,284.59538568,286.8110937,279.91777986,280.41015942,281.8872981,66079061.0,756235571.51,1,0.552,1,-0.524,0
2023-10-26,sh.600048,278.44064118,279.4254003,273.76303536,276.71731272,280.41015942,45056340.0,505108533.04,1,0.3764,1,-1.3169,0
2023-10-27,sh.600048,275.7325536,278.68683096,269.82399888,276.47112294,276.71731272,70982640.0,796108997.48,1,0.593,1,-0.089,0
2023-10-30,sh.600048,272.0397069,272.77827624,263.4230646,268.3468602,276.47112294,151798638.0,1651045593.21,1,1.2681,1,-2.9386,0
2023-10-31,sh.600048,267.1159113,272.0397069,266.37734196,271.30113756,268.3468602,81833348.0,896696686.91,1,0.6836,1,1.1009,0
2023-11-01,sh.600048,270.808758,274.00922514,268.3468602,269.33161932,271.30113756,66712991.0,733431042.19,1,0.5573,1,-0.726,0
2023-11-02,sh.600048,269.33161932,271.79351712,267.60829086,268.10067042,269.33161932,54641863.0,598026648.64,1,0.4565,1,-0.457,0
2023-11-03,sh.600048,268.59304998,269.33161932,265.14639306,265.8849624,268.10067042,57176101.0,619346948.21,1,0.4776,1,-0.8264,0
2023-11-06,sh.600048,266.62353174,275.97874338,266.13115218,273.76303536,265.8849624,97800646.0,1082408008.61,1,0.817,1,2.963,0
2023-11-07,sh.600048,274.74779448,276.71731272,271.79351712,273.51684558,273.76303536,72399475.0,806167161.9,1,0.6048,1,-0.0899,0
2023-11-08,sh.600048,271.79351712,278.68683096,271.30113756,274.74779448,273.51684558,74289691.0,830474619.93,1,0.6206,1,0.45,0
2023-11-09,sh.600048,274.99398426,279.17921052,273.51684558,275.7325536,274.74779448,53423399.0,598952384.07,1,0.4463,1,0.3584,0
2023-11-10,sh.600048,274.5016047,274.74779448,269.82399888,273.2706558,275.7325536,46779376.0,517040523.72,1,0.3908,1,-0.8929,0
2023-11-13,sh.600048,273.2706558,274.74779448,268.83923976,271.54732734,273.2706558,43655516.0,480083664.69,1,0.3647,1,-0.6306,0
2023-11-14,sh.600048,271.54732734,274.99398426,271.30113756,273.51684558,271.54732734,43640427.0,484180063.44,1,0.3646,1,0.7253,0
2023-11-15,sh.600048,275.48636382,276.22493316,271.05494778,271.54732734,273.51684558,59752883.0,664023153.49,1,0.4992,1,-0.7201,0
2023-11-16,sh.600048,270.808758,270.808758,264.90020328,269.33161932,271.54732734,58798388.0,639908742.94,1,0.4912,1,-0.816,0
2023-11-17,sh.600048,268.3468602,269.5778091,265.39258284,266.86972152,269.33161932,49673801.0,538054240.09,1,0.415,1,-0.9141,0
2023-11-20,sh.600048,267.36210108,269.5778091,264.40782372,265.39258284,266.86972152,59794084.0,646558907.99,1,0.4995,1,-0.5535,0
2023-11-21,sh.600048,267.1159113,274.5016047,266.86972152,270.07018866,265.39258284,105301806.0,1162287516.83,1,0.8797,1,1.7625,0
2023-11-22,sh.600048,268.3468602,272.28589668,267.1159113,267.1159113,270.07018866,52488973.0,574524784.66,1,0.4385,1,-1.0939,0
2023-11-23,sh.600048,267.85448064,276.9635025,264.16163394,275.7325536,267.1159113,103809938.0,1150031820.82,1,0.8672,1,3.2258,0
2023-11-24,sh.600048,276.71731272,280.41015942,274.25541492,275.48636382,275.7325536,66810022.0,751454957.48,1,0.5581,1,-0.0893,0
2023-11-27,sh.600048,273.76303536,274.00922514,265.8849624,268.59304998,275.48636382,67696898.0,738442833.55,1,0.5655,1,-2.5022,0
2023-11-28,sh.600048,268.59304998,268.59304998,263.91544416,265.14639306,268.59304998,55312293.0,595943098.07,1,0.4621,1,-1.2832,0
2023-11-29,sh.600048,264.6540135,265.39258284,254.06785296,254.8064223,265.14639306,89660363.0,936016212.53,1,0.749,1,-3.8997,0
2023-11-30,sh.600048,254.06785296,257.51450988,252.3445245,252.59071428,254.8064223,58276290.0,601503719.36,1,0.4868,1,-0.8696,0
2023-12-01,sh.600048,252.59071428,253.82166318,250.12881648,252.3445245,252.59071428,56758266.0,580941902.78,1,0.4742,1,-0.0975,0
2023-12-04,sh.600048,251.85214494,252.09833472,243.23550264,245.20502088,252.3445245,100457725.0,1001601273.55,1,0.8392,1,-2.8293,0
2023-12-05,sh.600048,243.97407198,245.45121066,237.32694792,237.81932748,245.20502088,76203761.0,746107599.3,1,0.6366,1,-3.012,0
2023-12-06,sh.600048,237.32694792,243.97407198,234.61886034,242.4969333,237.81932748,77451654.0,756128011.08,1,0.647,1,1.9669,0
2023-12-07,sh.600048,241.51217418,244.22026176,239.54265594,242.74312308,242.4969333,51491903.0,506342297.14,1,0.4302,1,0.1015,0
2023-12-08,sh.600048,242.25074352,242.4969333,238.31170704,240.52741506,242.74312308,72154581.0,704484109.91,1,0.6028,1,-0.9128,0
2023-12-11,sh.600048,238.8040866,238.8040866,230.92601364,236.58837858,240.52741506,85070853.0,810335384.6,1,0.7107,1,-1.6377,0
2023-12-12,sh.600048,248.6516778,258.499269,243.97407198,254.56023252,236.58837858,237733891.0,2420613047.62,1,1.986,1,7.5963,0
2023-12-13,sh.600048,248.15929824,251.85214494,245.69740044,249.14405736,254.56023252,163072847.0,1644616170.45,1,1.3623,1,-2.1277,0
2023-12-14,sh.600048,249.63643692,253.32928362,244.22026176,244.46645154,249.14405736,108115281.0,1087253145.95,1,0.9032,1,-1.8775,0
2023-12-15,sh.600048,249.63643692,254.8064223,247.66691868,250.62119604,244.46645154,155517213.0,1590592021.39,1,1.2992,1,2.5176,0
2023-12-18,sh.600048,247.66691868,261.45354636,246.68215956,252.3445245,250.62119604,151375466.0,1568881795.79,1,1.2646,1,0.6876,0
2023-12-19,sh.600048,251.1135756,254.31404274,245.45121066,248.6516778,252.3445245,91170339.0,921970597.25,1,0.7616,1,-1.4634,0
2023-12-20,sh.600048,247.4207289,247.91310846,242.25074352,242.74312308,248.6516778,89795980.0,891507337.83,1,0.7501,1,-2.3762,0
2023-12-21,sh.600048,240.77360484,244.9588311,239.78884572,243.7278822,242.74312308,83691466.0,824684515.42,1,0.6992,1,0.4057,0
2023-12-22,sh.600048,243.23550264,243.23550264,237.81932748,242.4969333,243.7278822,83563699.0,817471350.71,1,0.6981,1,-0.5051,0
2023-12-25,sh.600048,240.52741506,243.48169242,239.29646616,239.54265594,242.4969333,49929920.0,488512684.6,1,0.4171,1,-1.2183,0
2023-12-26,sh.600048,239.05027638,239.78884572,233.880291,234.86505012,239.54265594,69533808.0,665607171.58,1,0.5809,1,-1.9527,0
2023-12-27,sh.600048,234.37267056,236.58837858,232.6493421,233.63410122,234.86505012,57060925.0,543298451.5,1,0.4767,1,-0.5241,0
2023-12-28,sh.600048,232.89553188,245.94359022,230.1874443,244.9588311,233.63410122,113066107.0,1100645716.74,1,0.9445,1,4.8472,0
2023-12-29,sh.600048,243.7278822,247.91310846,241.75836396,243.7278822,244.9588311,75486072.0,749216034.32,1,0.6306,1,-0.5025,0
2024-01-02,sh.600048,242.4969333,243.23550264,231.91077276,232.15696254,243.7278822,117278568.0,1120366524.69,1,0.9797,1,-4.7475,0
2024-01-03,sh.600048,231.66458298,235.84980924,229.44887496,231.66458298,232.15696254,89972552.0,849415732.37,1,0.7516,1,-0.2121,0
2024-01-04,sh.600048,230.92601364,231.4183932,222.8017509,225.2636487,231.66458298,105095748.0,962420591.33,1,0.878,1,-2.763,0
2024-01-05,sh.600048,224.52507936,230.67982386,223.04794068,225.75602826,225.2636487,101885181.0,939879230.4,1,0.8511,1,0.2186,0
2024-01-08,sh.600048,225.75602826,227.47935672,222.55556112,223.04794068,225.75602826,67455132.0,615549989.58,1,0.5635,1,-1.1996,0
2024-01-09,sh.600048,223.04794068,226.00221804,220.09366332,224.52507936,223.04794068,68893095.0,625310674.61,1,0.5755,1,0.6623,0
2024-01-10,sh.600048,223.04794068,225.75602826,221.570802,223.29413046,224.52507936,51969457.0,472137596.02,1,0.4341,1,-0.5482,0
2024-01-11,sh.600048,222.06318156,225.50983848,219.35509398,224.27888958,223.29413046,71558960.0,646987022.74,1,0.5978,1,0.441,0
2024-01-12,sh.600048,222.55556112,228.71030562,222.30937134,225.01745892,224.27888958,76036361.0,697378367.62,1,0.6352,1,0.3293,0
2024-01-15,sh.600048,223.54032024,225.50983848,219.35509398,222.06318156,225.01745892,84444184.0,763114964.28,1,0.7054,1,-1.3129,0
2024-01-16,sh.600048,220.58604288,222.8017509,216.15462684,219.60128376,222.06318156,100238746.0,892093276.26,1,0.8374,1,-1.1086,0
2024-01-17,sh.600048,217.8779553,218.86271442,213.44653926,213.44653926,219.60128376,86415702.0,756874000.16,1,0.7219,1,-2.8027,0
2024-01-18,sh.600048,211.96940058,218.12414508,211.23083124,217.63176552,213.44653926,103959172.0,905565986.5,1,0.8685,1,1.9608,0
2024-01-19,sh.600048,216.15462684,219.84747354,215.16986772,218.37033486,217.63176552,74915499.0,663930689.3,1,0.6258,1,0.3394,0
2024-01-22,sh.600048,215.66224728,219.84747354,209.99988234,214.67748816,218.37033486,128307357.0,1126749647.98,1,1.0719,1,-1.6911,0
2024-01-23,sh.600048,213.69272904,216.6470064,210.98464146,215.4160575,214.67748816,96584697.0,841711776.93,1,0.8069,1,0.344,0
2024-01-24,sh.600048,216.15462684,221.32461222,212.9541597,221.07842244,215.4160575,111058871.0,982457272.34,1,0.9278,1,2.6286,0
2024-01-25,sh.600048,222.06318156,238.06551726,221.81699178,236.3421888,221.07842244,199988601.0,1871343295.62,1,1.6707,1,6.9042,0
2024-01-26,sh.600048,239.29646616,245.94359022,237.32694792,243.97407198,236.3421888,203976409.0,2005773462.34,1,1.704,1,3.2292,0
2024-01-29,sh.600048,250.62119604,252.3445245,244.22026176,245.94359022,243.97407198,181764073.0,1830629031.95,1,1.5184,1,0.8073,0
2024-01-30,sh.600048,242.98931286,248.15929824,239.05027638,240.52741506,245.94359022,119850835.0,1181375096.38,1,1.0012,1,-2.2022,0
2024-01-31,sh.600048,237.5731377,241.01979462,230.92601364,234.86505012,240.52741506,141040055.0,1345109888.13,1,1.1782,1,-2.3541,0
2024-02-01,sh.600048,232.40315232,233.880291,226.24840782,227.47935672,234.86505012,101926779.0,949854167.46,1,0.8515,1,-3.1447,0
2024-02-02,sh.600048,227.47935672,237.32694792,222.8017509,230.67982386,227.47935672,113036837.0,1060071784.44,1,0.9443,1,1.4069,0
2024-02-05,sh.600048,229.20268518,233.38791144,222.30937134,228.46411584,230.67982386,121548929.0,1123027075.06,1,1.0154,1,-0.9605,0
2024-02-06,sh.600048,224.77126914,235.35742968,222.8017509,232.40315232,228.46411584,117364710.0,1093169078.82,1,0.9805,1,1.7241,0
2024-02-07,sh.600048,232.6493421,234.37267056,227.97173628,233.38791144,232.40315232,117328754.0,1102777605.56,1,0.9802,1,0.4237,0
2024-02-08,sh.600048,235.35742968,245.69740044,234.37267056,245.45121066,233.38791144,119349623.0,1162219179.42,1,0.997,1,5.1688,0
2024-02-19,sh.600048,243.48169242,243.48169242,234.61886034,241.51217418,245.45121066,135705186.0,1312945139.61,1,1.1337,1,-1.6048,0
2024-02-20,sh.600048,244.9588311,253.32928362,240.0350355,242.74312308,241.51217418,123091380.0,1218155964.38,1,1.0283,1,0.5097,0
2024-02-21,sh.600048,240.28122528,254.8064223,237.32694792,248.40548802,242.74312308,161754255.0,1624756618.72,1,1.3513,1,2.3327,0
2024-02-22,sh.600048,245.94359022,247.66691868,243.97407198,245.94359022,248.40548802,87880116.0,876266621.84,1,0.7341,1,-0.9911,0
2024-02-23,sh.600048,245.69740044,247.91310846,243.97407198,246.18978,245.94359022,75513625.0,754600761.5,1,0.6308,1,0.1001,0
2024-02-26,sh.600048,244.9588311,245.20502088,240.0350355,241.75836396,246.18978,95531260.0,939121341.31,1,0.7981,1,-1.8,0
2024-02-27,sh.600048,239.29646616,242.98931286,239.29646616,242.98931286,241.75836396,81233180.0,795023400.82,1,0.6786,1,0.5092,0
2024-02-28,sh.600048,242.98931286,244.71264132,238.8040866,239.29646616,242.98931286,113688426.0,1119529186.63,1,0.9497,1,-1.5198,0
2024-02-29,sh.600048,236.3421888,241.75836396,236.3421888,240.52741506,239.29646616,94462457.0,917004781.23,1,0.7891,1,0.5144,0
2024-03-01,sh.600048,239.54265594,241.75836396,233.14172166,235.84980924,240.52741506,119933549.0,1155023860.23,1,1.0019,1,-1.9447,0
2024-03-04,sh.600048,233.63410122,234.12648078,225.01745892,227.23316694,235.84980924,148476532.0,1372252799.41,1,1.2404,1,-3.6534,0
2024-03-05,sh.600048,225.50983848,232.40315232,224.52507936,230.92601364,227.23316694,120313653.0,1114114869.1,1,1.0051,1,1.6251,0
2024-03-06,sh.600048,229.20268518,229.94125452,225.01745892,226.4945976,230.92601364,85587236.0,789616439.59,1,0.715,1,-1.919,0
2024-03-07,sh.600048,226.4945976,227.97173628,224.52507936,224.77126914,226.4945976,78459787.0,720239149.76,1,0.6554,1,-0.7609,0
2024-03-08,sh.600048,224.52507936,225.2636487,221.07842244,222.55556112,224.77126914,73372824.0,663402683.8,1,0.6129,1,-0.9858,0
2024-03-11,sh.600048,223.54032024,233.14172166,223.04794068,233.14172166,222.55556112,156967764.0,1460931897.31,1,1.3113,1,4.7566,0
2024-03-12,sh.600048,231.91077276,247.4207289,230.92601364,245.20502088,233.14172166,196806525.0,1920147707.61,1,1.6441,1,5.1742,0
2024-03-13,sh.600048,242.74312308,244.46645154,237.5731377,238.06551726,245.20502088,100685049.0,980873340.07,1,0.8411,1,-2.9116,0
2024-03-14,sh.600048,237.08075814,244.46645154,236.3421888,240.52741506,238.06551726,97057249.0,949749974.23,1,0.8108,1,1.0341,0
2024-03-15,sh.600048,238.8040866,242.98931286,236.58837858,238.55789682,240.52741506,69642441.0,675465322.42,1,0.5818,1,-0.8188,0
2024-03-18,sh.600048,237.5731377,238.55789682,232.15696254,233.880291,238.55789682,102065393.0,969769614.83,1,0.8526,1,-1.9608,0
2024-03-19,sh.600048,232.89553188,233.38791144,229.20268518,229.44887496,233.880291,73823723.0,693097786.16,1,0.6167,1,-1.8947,0
2024-03-20,sh.600048,228.71030562,231.66458298,227.47935672,229.20268518,229.44887496,65605947.0,610263489.57,1,0.5481,1,-0.1073,0
2024-03-21,sh.600048,228.71030562,235.35742968,228.46411584,233.38791144,229.20268518,110357807.0,1041930124.62,1,0.9219,1,1.826,0
2024-03-22,sh.600048,231.91077276,232.6493421,226.24840782,230.67982386,233.38791144,89065179.0,829378337.4,1,0.744,1,-1.1603,0
2024-03-25,sh.600048,229.94125452,241.75836396,229.20268518,238.06551726,230.67982386,149773756.0,1440894439.89,1,1.2512,1,3.2017,0
2024-03-26,sh.600048,237.5731377,240.77360484,234.86505012,239.05027638,238.06551726,94172750.0,908102258.42,1,0.7867,1,0.4137,0
2024-03-27,sh.600048,238.06551726,238.55789682,230.67982386,232.40315232,239.05027638,90819683.0,862272500.72,1,0.7587,1,-2.7806,0
2024-03-28,sh.600048,231.66458298,233.38791144,229.20268518,230.1874443,232.40315232,88695335.0,832073203.36,1,0.741,1,-0.9534,0
2024-03-29,sh.600048,226.98697716,229.44887496,221.81699178,224.77126914,230.1874443,132412001.0,1207198829.48,1,1.1062,1,-2.3529,0
2024-04-01,sh.600048,223.78651002,229.69506474,222.06318156,223.78651002,224.77126914,160034341.0,1459524743.41,1,1.3369,1,-0.4381,0
2024-04-02,sh.600048,223.54032024,223.54032024,215.4160575,217.13938596,223.78651002,182232792.0,1612250210.01,1,1.5224,1,-2.9703,0
2024-04-03,sh.600048,215.16986772,218.12414508,214.43129838,215.90843706,217.13938596,88244292.0,773078852.04,1,0.7372,1,-0.5669,0
2024-04-08,sh.600048,214.67748816,214.92367794,210.4922619,210.98464146,215.90843706,108869112.0,938794733.66,1,0.9095,1,-2.2805,0
2024-04-09,sh.600048,211.7232108,212.46178014,207.78417432,209.01512322,210.98464146,100796363.0,857681034.54,1,0.842,1,-0.9335,0
2024-04-10,sh.600048,208.27655388,208.52274366,198.67515246,200.15229114,209.01512322,153914143.0,1262771206.4,1,1.2858,1,-4.2403,0
2024-04-11,sh.600048,197.19801378,201.62942982,193.99754664,201.13705026,200.15229114,114306441.0,919497870.11,1,0.9549,1,0.492,0
2024-04-12,sh.600048,199.16753202,201.13705026,194.24373642,194.4899262,201.13705026,108050724.0,862526292.45,1,0.9026,1,-3.3048,0
2024-04-15,sh.600048,193.75135686,198.92134224,192.27421818,195.22849554,194.4899262,99012354.0,787229448.77,1,0.8271,1,0.3797,0
2024-04-16,sh.600048,193.50516708,199.90610136,190.55088972,196.951824,195.22849554,118582880.0,937520648.57,1,0.9906,1,0.8827,0
2024-04-17,sh.600048,194.98230576,200.6446707,194.73611598,198.92134224,196.951824,97690097.0,785511834.25,1,0.8161,1,1.0,0
2024-04-18,sh.600048,197.69039334,203.35275828,195.7208751,201.38324004,198.92134224,107271999.0,872940237.39,1,0.8961,1,1.2376,0
2024-04-19,sh.600048,199.65991158,202.86037872,198.67515246,199.4137218,201.38324004,60457791.0,491698249.2,1,0.5051,1,-0.978,0
2024-04-22,sh.600048,198.67515246,202.12180938,196.951824,199.16753202,199.4137218,70118017.0,567151026.83,1,0.5858,1,-0.1235,0
2024-04-23,sh.600048,200.15229114,200.89086048,197.19801378,197.93658312,199.16753202,65243496.0,526682613.61,1,0.545,1,-0.618,0
2024-04-24,sh.600048,197.19801378,199.4137218,195.7208751,196.951824,197.93658312,68630843.0,549117510.94,1,0.5733,1,-0.4975,0
2024-04-25,sh.600048,196.951824,200.15229114,194.98230576,196.951824,196.951824,91547330.0,734610124.24,1,0.7648,1,0.0,0
2024-04-26,sh.600048,196.70563422,213.69272904,195.47468532,212.70796992,196.951824,248730684.0,2082799659.55,1,2.0779,1,8.0,0
2024-04-29,sh.600048,210.4922619,230.1874443,209.50750278,228.46411584,212.70796992,336604050.0,3056897469.86,1,2.812,1,7.4074,0
2024-04-30,sh.600048,226.00221804,226.24840782,216.6470064,219.35509398,228.46411584,226192124.0,2019301737.76,1,1.8896,1,-3.9871,0
2024-05-06,sh.600048,224.77126914,228.21792606,216.6470064,217.38557574,219.35509398,248827245.0,2239792665.13,1,2.0787,1,-0.8979,0
2024-05-07,sh.600048,215.66224728,229.94125452,214.92367794,228.21792606,217.38557574,255107517.0,2308420687.45,1,2.1311,1,4.983,0
2024-05-08,sh.600048,225.2636487,226.00221804,221.07842244,221.07842244,228.21792606,108856807.0,983331534.67,1,0.9094,1,-3.1284,0
2024-05-09,sh.600048,224.52507936,232.40315232,222.30937134,226.74078738,221.07842244,166240409.0,1532274078.02,1,1.3888,1,2.5612,0
2024-05-10,sh.600048,229.69506474,239.54265594,227.23316694,239.29646616,226.74078738,301184746.0,2867615353.4,1,2.5161,1,5.5375,0
2024-05-13,sh.600048,234.37267056,238.55789682,232.89553188,234.86505012,239.29646616,148275480.0,1418897756.1,1,1.2387,1,-1.8519,0
2024-05-14,sh.600048,233.880291,239.05027638,232.40315232,235.84980924,234.86505012,127201311.0,1220260326.39,1,1.0626,1,0.4193,0
2024-05-15,sh.600048,234.86505012,253.32928362,234.61886034,242.98931286,235.84980924,275073251.0,2740387428.15,1,2.2979,1,3.0271,0
2024-05-16,sh.600048,242.98931286,255.79118142,241.51217418,250.62119604,242.98931286,261188114.0,2652391358.38,1,2.1819,1,3.1408,0
2024-05-17,sh.600048,253.32928362,275.7325536,245.69740044,275.7325536,250.62119604,427243517.0,4513712142.72,1,3.5692,1,10.0196,0
2024-05-20,sh.600048,274.5016047,288.0420426,265.8849624,272.77827624,275.7325536,367057809.0,4102994669.34,1,3.0664,1,-1.0714,0
2024-05-21,sh.600048,270.31637844,279.91777986,268.10067042,275.48636382,272.77827624,173633661.0,1941598159.98,1,1.4505,1,0.9928,0
2024-05-22,sh.600048,274.25541492,292.71964842,272.28589668,277.70207184,275.48636382,247197658.0,2829682028.39,1,2.0651,1,0.8043,0
2024-05-23,sh.600048,271.54732734,274.25541492,264.16163394,268.59304998,277.70207184,217841695.0,2377066904.92,1,1.8198,1,-3.2801,0
2024-05-24,sh.600048,265.8849624,267.1159113,259.7302179,261.45354636,268.59304998,135430113.0,1447763570.35,1,1.1314,1,-2.6581,0
2024-05-27,sh.600048,261.69973614,263.17687482,251.60595516,260.22259746,261.45354636,155667975.0,1619344099.67,1,1.3004,1,-0.4708,0
2024-05-28,sh.600048,263.17687482,265.8849624,253.08309384,255.29880186,260.22259746,150052970.0,1577907055.31,1,1.2535,1,-1.8921,0
2024-05-29,sh.600048,256.52975076,260.9611668,255.05261208,257.02213032,255.29880186,91861758.0,960445859.83,1,0.7674,1,0.675,0
2024-05-30,sh.600048,254.06785296,258.25307922,249.39024714,251.60595516,257.02213032,102270274.0,1048180238.5,1,0.8544,1,-2.1073,0
2024-05-31,sh.600048,252.3445245,257.02213032,250.37500626,251.60595516,251.60595516,104722262.0,1078332490.66,1,0.8748,1,0.0,0
2024-06-03,sh.600048,248.40548802,254.56023252,247.91310846,252.09833472,251.60595516,81721038.0,833373970.3,1,0.6827,1,0.1957,0
2024-06-04,sh.600048,252.3445245,261.45354636,250.12881648,259.97640768,252.09833472,154242525.0,1613164151.4,1,1.2885,1,3.125,0
2024-06-05,sh.600048,258.74545878,259.97640768,254.06785296,254.31404274,259.97640768,65891254.0,685235175.52,1,0.5504,1,-2.178,0
2024-06-06,sh.600048,254.06785296,256.28356098,250.62119604,253.32928362,254.31404274,62070086.0,637758971.43,1,0.5185,1,-0.3872,0
2024-06-07,sh.600048,253.08309384,258.99164856,252.83690406,256.52975076,253.32928362,74112292.0,771731911.31,1,0.6191,1,1.2634,0
2024-06-11,sh.600048,254.06785296,262.1921157,250.62119604,251.85214494,256.52975076,113982333.0,1184587489.19,1,0.9522,1,-1.8234,0
2024-06-12,sh.600048,250.86738582,253.5754734,247.4207289,248.89786758,251.85214494,71183641.0,723051555.08,1,0.5947,1,-1.173,0
2024-06-13,sh.600048,251.35976538,251.85214494,241.2659844,242.74312308,248.89786758,107552726.0,1065824002.44,1,0.8985,1,-2.4728,0
2024-06-14,sh.600048,241.51217418,250.62119604,239.78884572,246.18978,242.74312308,83224294.0,830796374.68,1,0.6952,1,1.4199,0
2024-06-17,sh.600048,243.23550264,245.45121066,238.31170704,241.2659844,246.18978,87343632.0,853959438.9,1,0.7297,1,-2.0,0
2024-06-18,sh.600048,240.77360484,243.23550264,237.08075814,237.5731377,241.2659844,69952038.0,677878876.8,1,0.5844,1,-1.5306,0
2024-06-19,sh.600048,238.06551726,240.28122528,233.880291,237.32694792,237.5731377,56966118.0,549174548.94,1,0.4759,1,-0.1036,0
2024-06-20,sh.600048,237.08075814,237.5731377,229.94125452,231.17220342,237.32694792,72314189.0,682212130.23,1,0.6041,1,-2.5934,0
2024-06-21,sh.600048,232.6493421,234.37267056,230.92601364,232.40315232,231.17220342,49416965.0,466465454.48,1,0.4128,1,0.5325,0
2024-06-24,sh.600048,230.92601364,231.4183932,226.74078738,228.21792606,232.40315232,73073835.0,679082256.94,1,0.6105,1,-1.8008,0
2024-06-25,sh.600048,228.9564954,236.09599902,224.77126914,230.92601364,228.21792606,85511851.0,802117138.8,1,0.7144,1,1.1866,0
2024-06-26,sh.600048,228.9564954,229.20268518,224.52507936,227.47935672,230.92601364,70976545.0,653825058.52,1,0.5929,1,-1.4925,0
2024-06-27,sh.600048,227.7255465,229.44887496,220.58604288,220.83223266,227.47935672,96669533.0,879896685.67,1,0.8076,1,-2.9221,0
2024-06-28,sh.600048,220.09366332,223.04794068,214.1851086,215.66224728,220.83223266,133076302.0,1181005814.32,1,1.1117,1,-2.3411,0
2024-07-01,sh.600048,217.13938596,233.63410122,216.15462684,229.20268518,215.66224728,198704883.0,1839742159.66,1,1.66,1,6.2785,0
2024-07-02,sh.600048,228.9564954,233.14172166,221.07842244,222.30937134,229.20268518,124240541.0,1146322249.66,1,1.0379,1,-3.0075,0
2024-07-03,sh.600048,222.55556112,228.71030562,216.40081662,224.52507936,222.30937134,126050395.0,1145107667.65,1,1.053,1,0.9967,0
2024-07-04,sh.600048,223.54032024,224.77126914,217.13938596,217.8779553,224.52507936,93580847.0,837476132.05,1,0.7818,1,-2.9605,0
2024-07-05,sh.600048,218.61652464,222.06318156,214.67748816,216.6470064,217.8779553,84808854.0,750539527.6,1,0.7085,1,-0.565,0
2024-07-08,sh.600048,215.90843706,216.15462684,208.76893344,210.4922619,216.6470064,106650850.0,914962341.5,1,0.891,1,-2.8409,0
2024-07-09,sh.600048,210.73845168,212.46178014,206.30703564,210.73845168,210.4922619,99854042.0,849792364.08,1,0.8342,1,0.117,0
2024-07-10,sh.600048,208.0303641,212.9541597,203.59894806,209.75369256,210.73845168,74183402.0,631114960.1,1,0.6197,1,-0.4673,0
2024-07-11,sh.600048,212.21559036,216.40081662,209.75369256,213.93891882,209.75369256,95413884.0,827043902.68,1,0.7971,1,1.9953,0
2024-07-12,sh.600048,220.3398531,228.21792606,217.8779553,222.06318156,213.93891882,176903894.0,1605215541.11,1,1.4778,1,3.7975,0
2024-07-15,sh.600048,218.12414508,225.2636487,217.13938596,221.570802,222.06318156,94554230.0,849239163.85,1,0.7899,1,-0.2217,0
2024-07-16,sh.600048,221.07842244,227.7255465,218.37033486,224.0326998,221.570802,97281176.0,885309168.89,1,0.8127,1,1.1111,0
2024-07-17,sh.600048,224.52507936,233.63410122,223.54032024,230.1874443,224.0326998,136243883.0,1277473510.54,1,1.1382,1,2.7473,0
2024-07-18,sh.600048,229.20268518,234.37267056,226.00221804,233.38791144,230.1874443,115643347.0,1083802165.74,1,0.9661,1,1.3904,0
2024-07-19,sh.600048,230.67982386,231.91077276,223.54032024,226.24840782,233.38791144,121299834.0,1113361450.46,1,1.0133,1,-3.0591,0
2024-07-22,sh.600048,226.4945976,226.74078738,220.3398531,225.01745892,226.24840782,85710809.0,778733463.53,1,0.716,1,-0.5441,0
2024-07-23,sh.600048,225.50983848,227.47935672,221.32461222,221.81699178,225.01745892,71549390.0,652790916.11,1,0.5977,1,-1.4223,0
2024-07-24,sh.600048,221.81699178,224.27888958,213.69272904,214.92367794,221.81699178,74584725.0,658866545.53,1,0.6231,1,-3.1077,0
2024-07-25,sh.600048,214.92367794,221.570802,213.93891882,216.89319618,214.92367794,79538967.0,703380499.83,1,0.6645,1,0.9164,0
2024-07-26,sh.600048,217.38557574,224.27888958,216.6470064,219.60128376,216.89319618,80313172.0,717559330.31,1,0.6709,1,1.2486,0
2024-07-29,sh.600048,219.35509398,219.60128376,210.4922619,211.47702102,219.60128376,102817352.0,888733696.68,1,0.8589,1,-3.6996,0
2024-07-30,sh.600048,211.994108,217.4232254,210.701461,215.3549902,211.4770492,92874949.0,769353657.76,1,0.7759,1,1.8337,0
2024-07-31,sh.600048,215.872049,228.5399896,211.2185198,228.0229308,215.3549902,133453117.0,1145603821.35,1,1.1149,1,5.8824,0
2024-08-01,sh.600048,226.9888132,229.0570484,217.9402842,218.7158724,228.0229308,125515963.0,1074501832.28,1,1.0485,1,-4.0816,0
2024-08-02,sh.600048,215.872049,217.6817548,213.5452844,214.3208726,218.7158724,97749193.0,813851087.81,1,0.8166,1,-2.0095,0
2024-08-05,sh.600048,211.2185198,221.8182252,210.701461,213.5452844,214.3208726,130110300.0,1092174585.52,1,1.0869,1,-0.3619,0
2024-08-06,sh.600048,215.3549902,223.627931,214.579402,221.8182252,213.5452844,126006744.0,1069015005.79,1,1.0526,1,3.8741,0
2024-08-07,sh.600048,220.5255782,221.042637,216.3891078,218.9744018,221.8182252,65836443.0,556271610.75,1,0.55,1,-1.2821,0
2024-08-08,sh.600048,220.2670488,228.0229308,215.6135196,219.2329312,218.9744018,125731602.0,1075930516.66,1,1.0504,1,0.1181,0
2024-08-09,sh.600048,217.6817548,229.0570484,217.4232254,221.042637,219.2329312,179518000.0,1561950554.48,1,1.4997,1,0.8255,0
2024-08-12,sh.600048,219.4914606,220.2670488,212.7696962,213.5452844,221.042637,113705586.0,946782090.06,1,0.9499,1,-3.3918,0
2024-08-13,sh.600048,213.286755,213.8038138,210.4429316,212.7696962,213.5452844,61758939.0,505916707.46,1,0.5159,1,-0.3632,0
2024-08-14,sh.600048,212.2526374,213.286755,209.9258728,210.9599904,212.7696962,50998610.0,415924234.58,1,0.426,1,-0.8505,0
2024-08-15,sh.600048,209.9258728,215.0964608,208.8917552,212.2526374,210.9599904,109362816.0,897471887.31,1,0.9136,1,0.6127,0
2024-08-16,sh.600048,211.4770492,213.0282256,208.6332258,211.4770492,212.2526374,78135610.0,636554935.53,1,0.6527,1,-0.3654,0
2024-08-19,sh.600048,210.4429316,214.8379314,208.8917552,211.4770492,211.4770492,81333000.0,667042041.63,1,0.6794,1,0.0,0
2024-08-20,sh.600048,211.4770492,213.0282256,206.82352,207.8576376,211.4770492,79206663.0,638913686.86,1,0.6617,1,-1.7115,0
2024-08-21,sh.600048,206.3064612,207.0820494,201.3944026,203.4626378,207.8576376,113839398.0,896617550.02,1,0.951,1,-2.1144,0
2024-08-22,sh.600048,203.7211672,208.3746964,202.945579,205.7894024,203.4626378,123616189.0,985429545.13,1,1.0327,1,1.1436,0
2024-08-23,sh.600048,204.238226,208.8917552,202.945579,204.4967554,205.7894024,94657088.0,754348740.8,1,0.7908,1,-0.6281,0
2024-08-26,sh.600048,204.4967554,211.4770492,201.9114614,207.3405788,204.4967554,117185902.0,943901354.09,1,0.979,1,1.3906,0
2024-08-27,sh.600048,206.82352,207.0820494,200.8773438,201.652932,207.3405788,86970603.0,681645294.78,1,0.7265,1,-2.7431,0
2024-08-28,sh.600048,201.3944026,202.1699908,198.8091086,199.3261674,201.652932,64101509.0,495726650.03,1,0.5355,1,-1.1538,0
2024-08-29,sh.600048,199.067638,201.1358732,197.2579322,199.3261674,199.3261674,60312484.0,466245375.03,1,0.5038,1,0.0,0
2024-08-30,sh.600048,199.8432262,219.2329312,199.067638,209.9258728,199.3261674,295664365.0,2419334697.69,1,2.47,1,5.3178,0
2024-09-02,sh.600048,207.0820494,207.8576376,202.4285202,202.945579,209.9258728,129416403.0,1022442167.75,1,1.0811,1,-3.3251,0
2024-09-03,sh.600048,202.4285202,207.3405788,199.5846968,203.9796966,202.945579,122521167.0,965745414.88,1,1.0235,1,0.5096,0
2024-09-04,sh.600048,202.1699908,206.5649906,198.5505792,199.067638,203.9796966,139823949.0,1088970520.06,1,1.1681,1,-2.4081,0
2024-09-05,sh.600048,201.1358732,203.2041084,199.5846968,201.3944026,199.067638,91529365.0,711791939.4,1,0.7646,1,1.1688,0
2024-09-06,sh.600048,200.1017556,200.6188144,198.5505792,198.8091086,201.3944026,70593544.0,544099439.27,1,0.5897,1,-1.2837,0
2024-09-09,sh.600048,196.9994028,197.2579322,192.8629324,194.9311676,198.8091086,74544200.0,561747002.0,1,0.6227,1,-1.9506,0
2024-09-10,sh.600048,194.4141088,195.4482264,188.726462,192.604403,194.9311676,94511171.0,700696026.35,1,0.7895,1,-1.1936,0
2024-09-11,sh.600048,191.8288148,196.7408734,190.7946972,194.1555794,192.604403,69862242.0,525280574.4,1,0.5836,1,0.8054,0
2024-09-12,sh.600048,193.89705,197.774991,193.1214618,193.6385206,194.1555794,50465503.0,380069395.95,1,0.4216,1,-0.2663,0
2024-09-13,sh.600048,194.6726382,196.482344,193.1214618,193.3799912,193.6385206,65166901.0,490379058.35,1,0.5444,1,-0.1335,0
2024-09-18,sh.600048,194.1555794,200.1017556,190.5361678,197.2579322,193.3799912,122346305.0,925070375.35,1,1.0221,1,2.0053,0
2024-09-19,sh.600048,199.067638,208.3746964,198.2920498,204.4967554,197.2579322,202320078.0,1593373527.19,1,1.6902,1,3.6697,0
2024-09-20,sh.600048,199.3261674,208.6332258,198.8091086,208.116167,204.4967554,184298619.0,1464732579.81,1,1.5396,1,1.7699,0
2024-09-23,sh.600048,205.7894024,211.994108,205.0138142,208.8917552,208.116167,135316631.0,1096672371.83,1,1.1304,1,0.3727,0
2024-09-24,sh.600048,213.286755,216.1305784,204.238226,211.2185198,208.8917552,279252468.0,2267065203.22,1,2.3328,1,1.1139,0
2024-09-25,sh.600048,213.0282256,224.6620486,212.2526374,214.3208726,211.2185198,274756687.0,2327372453.79,1,2.2953,1,1.4688,0
2024-09-26,sh.600048,212.2526374,235.7788128,212.2526374,235.7788128,214.3208726,349978064.0,3063646913.3,1,2.9237,1,10.0121,0
2024-09-27,sh.600048,248.188224,259.3049882,247.4126358,259.3049882,235.7788128,446630714.0,4385364980.98,1,3.7311,1,9.9781,0
2024-09-30,sh.600048,285.1579282,285.1579282,264.992635,285.1579282,259.3049882,635977736.0,6876364512.35,1,5.3129,1,9.9701,0
2024-10-08,sh.600048,313.5961622,313.5961622,267.8364584,284.1238106,285.1579282,686120756.0,7761689306.16,1,5.7318,1,-0.3626,0
2024-10-09,sh.600048,274.041164,274.041164,255.6855766,255.6855766,284.1238106,395132044.0,3955323147.31,1,3.3009,1,-10.0091,0
2024-10-10,sh.600048,248.4467534,267.577929,245.60293,259.3049882,255.6855766,332952272.0,3317654925.94,1,2.7815,1,1.4156,0
2024-10-11,sh.600048,257.4952824,268.870576,252.3246944,264.992635,259.3049882,282175686.0,2864943673.86,1,2.3573,1,2.1934,0
2024-10-14,sh.600048,273.7826346,288.260281,269.1291054,278.9532226,264.992635,363826860.0,3894495699.27,1,3.0394,1,5.2683,0
2024-10-15,sh.600048,273.7826346,289.552928,270.6802818,282.5726342,278.9532226,290089419.0,3183282069.3,1,2.4234,1,1.2975,0
2024-10-16,sh.600048,288.0017516,298.8599864,281.2799872,294.4649866,282.5726342,409158138.0,4598587525.94,1,3.4181,1,4.2086,0
2024-10-17,sh.600048,293.430869,293.430869,266.285282,266.8023408,294.4649866,380881709.0,4068332290.91,1,3.1819,1,-9.3942,0
2024-10-18,sh.600048,261.114694,277.6605756,255.944106,270.6802818,266.8023408,290448063.0,2985762301.66,1,2.4264,1,1.4535,0
2024-10-21,sh.600048,270.6802818,279.4702814,264.4755762,278.1776344,270.6802818,233811713.0,2486453363.4,1,1.9532,1,2.7698,0
2024-10-22,sh.600048,276.626458,285.4164576,274.8167522,283.3482224,278.1776344,171052467.0,1857821068.49,1,1.429,1,1.8587,0
2024-10-23,sh.600048,282.0555754,287.4846928,280.504399,282.8311636,283.3482224,147606018.0,1618899812.85,1,1.2331,1,-0.1825,0
2024-10-24,sh.600048,280.7629284,283.8652812,275.5923404,277.1435168,282.8311636,112316218.0,1212073846.58,1,0.9383,1,-2.011,0
2024-10-25,sh.600048,276.626458,283.6067518,275.8508698,276.8849874,277.1435168,115332666.0,1245209734.58,1,0.9635,1,-0.0933,0
2024-10-28,sh.600048,275.5923404,283.8652812,275.333811,282.0555754,276.8849874,122909611.0,1333629137.26,1,1.0268,1,1.8674,0
2024-10-29,sh.600048,278.1776344,286.7091046,274.2996934,274.5582228,282.0555754,124956084.0,1348794221.38,1,1.0439,1,-2.6581,0
2024-10-30,sh.600048,274.5582228,281.0214578,271.9729288,275.8508698,274.5582228,149861928.0,1604000282.94,1,1.2519,1,0.4708,0
2024-10-31,sh.600048,274.041164,288.260281,271.9729288,279.211752,275.8508698,182883554.0,1989913859.21,1,1.5278,1,1.2184,0
2024-11-01,sh.600048,281.797046,292.3967514,280.504399,282.8311636,279.211752,211500237.0,2339025204.41,1,1.7669,1,1.2963,0
2024-11-04,sh.600048,285.1579282,285.674987,276.1093992,281.2799872,282.8311636,141514511.0,1523861445.99,1,1.1822,1,-0.5484,0
2024-11-05,sh.600048,279.7288108,290.845575,277.919105,288.0017516,281.2799872,168047408.0,1856971741.24,1,1.4039,1,2.3897,0
2024-11-06,sh.600048,287.4846928,299.1185158,279.211752,293.1723396,288.0017516,256923810.0,2858841167.67,1,2.1463,1,1.7953,0
2024-11-07,sh.600048,288.5188104,302.479398,285.9335164,301.186751,293.1723396,300394705.0,3455045465.17,1,2.5095,1,2.7337,0
2024-11-08,sh.600048,304.8061626,305.5817508,286.967634,289.0358692,301.186751,260312637.0,2942131233.21,1,2.1746,1,-4.0343,0
2024-11-11,sh.600048,282.5726342,285.9335164,276.3679286,282.0555754,289.0358692,196476715.0,2125478296.61,1,1.6413,1,-2.415,0
2024-11-12,sh.600048,280.7629284,286.1920458,277.919105,279.7288108,282.0555754,130569187.0,1423286322.06,1,1.0908,1,-0.8249,0
2024-11-13,sh.600048,278.1776344,280.504399,272.2314582,274.8167522,279.7288108,129420247.0,1378122581.87,1,1.0812,1,-1.756,0
2024-11-14,sh.600048,279.9873402,280.2458696,268.3535172,268.3535172,274.8167522,156719226.0,1653802046.95,1,1.3092,1,-2.3518,0
2024-11-15,sh.600048,266.5438114,269.1291054,261.3732234,261.3732234,268.3535172,124318433.0,1270504259.27,1,1.0385,1,-2.6012,0
2024-11-18,sh.600048,263.699988,270.9388112,261.6317528,263.1829292,261.3732234,158410414.0,1630767433.19,1,1.3233,1,0.6924,0
2024-11-19,sh.600048,263.9585174,264.992635,257.236753,263.1829292,263.1829292,126835497.0,1275236372.95,1,1.0596,1,0.0,0
2024-11-20,sh.600048,261.3732234,263.9585174,259.0464588,262.407341,263.1829292,85730371.0,867267202.7,1,0.7162,1,-0.2947,0
2024-11-21,sh.600048,261.3732234,263.1829292,258.0123412,260.0805764,262.407341,76674816.0,770771821.24,1,0.6405,1,-0.8867,0
2024-11-22,sh.600048,259.822047,261.114694,251.0320474,251.5491062,260.0805764,110615055.0,1097490611.8,1,0.9241,1,-3.2803,0
2024-11-25,sh.600048,251.5491062,254.9099884,248.9638122,251.8076356,251.5491062,91711377.0,893139665.65,1,0.7661,1,0.1028,0
2024-11-26,sh.600048,251.2905768,258.2708706,249.9979298,254.651459,251.8076356,96042645.0,945151344.46,1,0.8023,1,1.1294,0
2024-11-27,sh.600048,254.1344002,259.3049882,251.2905768,258.5294,254.651459,121033522.0,1197444720.03,1,1.0111,1,1.5228,0
2024-11-28,sh.600048,258.0123412,261.6317528,256.7196942,259.3049882,258.5294,106864014.0,1071849602.82,1,0.8927,1,0.3,0
2024-11-29,sh.600048,259.3049882,269.6461642,258.5294,264.7341056,259.3049882,166431467.0,1708627654.47,1,1.3904,1,2.0937,0
2024-12-02,sh.600048,262.407341,267.0608702,259.5635176,264.7341056,264.7341056,132940371.0,1355802173.73,1,1.1106,1,0.0,0
2024-12-03,sh.600048,263.9585174,269.1291054,262.407341,266.5438114,264.7341056,107875846.0,1109166369.88,1,0.9012,1,0.6836,0
2024-12-04,sh.600048,265.2511644,266.8023408,260.3391058,261.3732234,266.5438114,80468570.0,820150109.75,1,0.6722,1,-1.9399,0
2024-12-05,sh.600048,260.5976352,261.6317528,257.4952824,259.822047,261.3732234,63666087.0,638406115.48,1,0.5319,1,-0.5935,0
2024-12-06,sh.600048,259.5635176,264.7341056,258.2708706,262.407341,259.822047,83919300.0,850713199.46,1,0.7011,1,0.995,0
2024-12-09,sh.600048,262.407341,262.9243998,254.3929296,255.1685178,262.407341,128951124.0,1282290730.04,1,1.0772,1,-2.7586,0
2024-12-10,sh.600048,270.163223,270.163223,259.3049882,259.3049882,255.1685178,219481173.0,2243889132.92,1,1.8335,1,1.6211,0
2024-12-11,sh.600048,258.7879294,264.7341056,257.4952824,262.6658704,259.3049882,131202115.0,1331278643.0,1,1.0961,1,1.2961,0
2024-12-12,sh.600048,262.6658704,265.2511644,259.3049882,263.9585174,262.6658704,101663590.0,1031999452.58,1,0.8493,1,0.4921,0
2024-12-13,sh.600048,261.8902822,262.1488116,253.358812,254.3929296,263.9585174,181411783.0,1798913611.21,1,1.5155,1,-3.6239,0
2024-12-16,sh.600048,254.651459,255.944106,244.5688124,245.60293,254.3929296,147861024.0,1420514728.17,1,1.2352,1,-3.4553,0
2024-12-17,sh.600048,245.60293,245.8614594,242.5005772,243.2761654,245.60293,80713586.0,761540604.28,1,0.6743,1,-0.9474,0
2024-12-18,sh.600048,244.5688124,246.6370476,242.2420478,243.017636,243.2761654,75090262.0,708995115.38,1,0.6273,1,-0.1063,0
2024-12-19,sh.600048,239.139695,242.7591066,238.3641068,242.7591066,243.017636,74350864.0,693350916.37,1,0.6211,1,-0.1064,0
2024-12-20,sh.600048,241.724989,243.2761654,238.3641068,241.4664596,242.7591066,98549043.0,915459717.83,1,0.8233,1,-0.5325,0
2024-12-23,sh.600048,240.6908714,243.7932242,237.5885186,238.3641068,241.4664596,95041784.0,882186494.45,1,0.794,1,-1.2848,0
2024-12-24,sh.600048,237.847048,239.9152832,237.0714598,238.8811656,238.3641068,92218778.0,850471644.29,1,0.7704,1,0.2169,0
2024-12-25,sh.600048,238.3641068,239.139695,234.2276364,237.5885186,238.8811656,109407910.0,999648469.12,1,0.914,1,-0.5411,0
2024-12-26,sh.600048,237.0714598,237.847048,233.7105776,234.7446952,237.5885186,104338724.0,948933817.55,1,0.8716,1,-1.197,0
2024-12-27,sh.600048,234.4861658,237.3299892,233.4520482,236.0373422,234.7446952,86901308.0,792543634.65,1,0.726,1,0.5507,0
2024-12-30,sh.600048,234.7446952,236.554401,231.383813,232.4179306,236.0373422,124194080.0,1118876056.5,1,1.0375,1,-1.5334,0
2024-12-31,sh.600048,232.4179306,235.7788128,228.5399896,229.0570484,232.4179306,116544551.0,1045881147.65,1,0.9736,1,-1.4461,0
2025-01-02,sh.600048,228.5399896,232.1594012,222.5938134,224.4035192,229.0570484,127331073.0,1121639097.62,1,1.0637,1,-2.0316,0
2025-01-03,sh.600048,224.4035192,226.213225,219.4914606,220.7841076,224.4035192,107856731.0,930058463.68,1,0.901,1,-1.6129,0
2025-01-06,sh.600048,220.5255782,220.7841076,216.3891078,220.7841076,220.7841076,101029297.0,857093437.76,1,0.844,1,0.0,0
2025-01-07,sh.600048,220.0085194,224.920578,217.164696,224.1449898,220.7841076,104231899.0,895668427.09,1,0.8707,1,1.5222,0
2025-01-08,sh.600048,222.5938134,224.1449898,219.4914606,222.335284,224.1449898,84375984.0,724363005.36,1,0.7049,1,-0.8074,0
2025-01-09,sh.600048,222.0767546,224.4035192,220.2670488,223.3694016,222.335284,67124707.0,578095836.93,1,0.5608,1,0.4651,0
2025-01-10,sh.600048,222.8523428,226.4717544,218.7158724,218.9744018,223.3694016,73884718.0,631963068.0,1,0.6172,1,-1.9676,0
2025-01-13,sh.600048,217.164696,223.1108722,215.3549902,223.1108722,218.9744018,87119016.0,742674003.31,1,0.7278,1,1.889,0
2025-01-14,sh.600048,222.335284,226.9888132,222.335284,226.7302838,223.1108722,97104212.0,845954924.39,1,0.8112,1,1.6222,0
2025-01-15,sh.600048,226.213225,227.2473426,222.335284,225.6961662,226.7302838,69014560.0,600489740.27,1,0.5765,1,-0.4561,0
2025-01-16,sh.600048,225.9546956,228.5399896,221.042637,223.8864604,225.6961662,97005356.0,843912398.43,1,0.8104,1,-0.8018,0
2025-01-17,sh.600048,218.457343,226.7302838,218.1988136,223.8864604,223.8864604,106514789.0,917489047.24,1,0.8898,1,0.0,0
2025-01-20,sh.600048,223.3694016,225.6961662,217.9402842,222.335284,223.8864604,124404388.0,1067657473.7,1,1.0393,1,-0.6928,0
2025-01-21,sh.600048,222.5938134,233.4520482,221.3011664,224.920578,222.335284,237014463.0,2085028669.62,1,1.98,1,1.1628,0
2025-01-22,sh.600048,221.5596958,221.8182252,214.579402,214.579402,224.920578,171908113.0,1447136458.23,1,1.4361,1,-4.5977,0
2025-01-23,sh.600048,216.6476372,222.0767546,215.872049,216.9061666,214.579402,162010676.0,1373062402.49,1,1.3534,1,1.0843,0
2025-01-24,sh.600048,216.9061666,219.2329312,215.0964608,217.6817548,216.9061666,101235950.0,850806540.02,1,0.8457,1,0.3576,0
2025-01-27,sh.600048,217.9402842,221.5596958,215.0964608,215.0964608,217.6817548,102810382.0,866288861.46,1,0.8589,1,-1.1876,0
2025-02-05,sh.600048,215.872049,216.6476372,211.2185198,212.7696962,215.0964608,94153067.0,773236216.29,1,0.7865,1,-1.0817,0
2025-02-06,sh.600048,212.5111668,216.6476372,212.2526374,214.3208726,212.7696962,93014686.0,770609467.76,1,0.777,1,0.729,0
2025-02-07,sh.600048,213.8038138,220.7841076,212.7696962,218.457343,214.3208726,153273377.0,1293774169.34,1,1.2804,1,1.93,0
2025-02-10,sh.600048,217.164696,220.2670488,216.9061666,218.9744018,218.457343,91745328.0,776864271.56,1,0.7664,1,0.2367,0
2025-02-11,sh.600048,219.74999,220.2670488,213.8038138,214.3208726,218.9744018,109561782.0,913880384.96,1,0.9153,1,-2.1251,0
2025-02-12,sh.600048,214.8379314,223.1108722,211.2185198,222.0767546,214.3208726,183500830.0,1534537306.98,1,1.5329,1,3.6188,0
2025-02-13,sh.600048,219.2329312,225.4376368,217.9402842,222.0767546,222.0767546,225634441.0,1941639232.83,1,1.8849,1,0.0,0
2025-02-14,sh.600048,221.042637,222.335284,217.4232254,220.2670488,222.0767546,117362254.0,995076551.74,1,0.9804,1,-0.8149,0
2025-02-17,sh.600048,220.2670488,222.335284,218.7158724,219.2329312,220.2670488,130835785.0,1115031012.1,1,1.093,1,-0.4695,0
2025-02-18,sh.600048,219.2329312,219.2329312,213.8038138,215.0964608,219.2329312,104591945.0,876119069.08,1,0.8738,1,-1.8868,0
2025-02-19,sh.600048,214.579402,216.9061666,213.286755,215.3549902,215.0964608,96786971.0,804220117.52,1,0.8085,1,0.1202,0
2025-02-20,sh.600048,214.3208726,215.0964608,211.7355786,211.994108,215.3549902,102229921.0,839784231.9,1,0.854,1,-1.5606,0
2025-02-21,sh.600048,211.994108,213.8038138,210.9599904,211.994108,211.994108,114791025.0,942200880.78,1,0.959,1,0.0,0
2025-02-24,sh.600048,211.994108,217.9402842,210.9599904,215.872049,211.994108,168454035.0,1401186605.04,1,1.4072,1,1.8293,0
2025-02-25,sh.600048,214.3208726,217.9402842,213.286755,215.6135196,215.872049,133669461.0,1117773893.71,1,1.1167,1,-0.1198,0
2025-02-26,sh.600048,217.9402842,225.4376368,217.6817548,223.1108722,215.6135196,222484977.0,1913466378.48,1,1.8586,1,3.4772,0
2025-02-27,sh.600048,224.1449898,229.0570484,223.3694016,227.7644014,223.1108722,216075723.0,1895483252.56,1,1.8051,1,2.0857,0
2025-02-28,sh.600048,228.0229308,231.383813,224.6620486,224.920578,227.7644014,217380800.0,1916995821.49,1,1.816,1,-1.2486,0
2025-03-03,sh.600048,226.7302838,231.383813,224.920578,225.9546956,224.920578,156304205.0,1377346277.45,1,1.3058,1,0.4598,0
2025-03-04,sh.600048,224.4035192,226.4717544,220.7841076,226.213225,225.9546956,115279662.0,995884889.19,1,0.963,1,0.1144,0
2025-03-05,sh.600048,225.6961662,226.7302838,221.042637,222.5938134,226.213225,116443630.0,1004629402.24,1,0.9728,1,-1.6,0
2025-03-06,sh.600048,223.8864604,230.091166,222.8523428,230.091166,222.5938134,186307833.0,1638145912.51,1,1.5564,1,3.3682,0
2025-03-07,sh.600048,228.0229308,228.5399896,225.1791074,227.505872,230.091166,127714204.0,1120141242.11,1,1.0669,1,-1.1236,0
2025-03-10,sh.600048,228.5399896,230.091166,223.3694016,224.6620486,227.505872,92552287.0,808423898.52,1,0.7732,1,-1.25,0
2025-03-11,sh.600048,222.8523428,223.3694016,220.2670488,223.1108722,224.6620486,98547083.0,844937012.97,1,0.8233,1,-0.6904,0
2025-03-12,sh.600048,222.5938134,222.5938134,219.74999,220.7841076,223.1108722,96697994.0,826411567.95,1,0.8078,1,-1.0429,0
2025-03-13,sh.600048,220.2670488,221.5596958,217.9402842,219.74999,220.7841076,73001858.0,620698892.24,1,0.6099,1,-0.4684,0
2025-03-14,sh.600048,219.4914606,224.920578,219.4914606,224.6620486,219.74999,191830598.0,1654291364.93,1,1.6025,1,2.2353,0
2025-03-17,sh.600048,224.920578,228.0229308,224.920578,226.213225,224.6620486,99853113.0,874435312.32,1,0.8342,1,0.6904,0
2025-03-18,sh.600048,226.213225,228.0229308,224.1449898,225.1791074,226.213225,78795801.0,686764945.29,1,0.6583,1,-0.4571,0
2025-03-19,sh.600048,225.1791074,225.4376368,222.5938134,223.3694016,225.1791074,67672292.0,585930079.5,1,0.5653,1,-0.8037,0
2025-03-20,sh.600048,223.3694016,224.6620486,221.8182252,222.5938134,223.3694016,66608201.0,575480168.75,1,0.5564,1,-0.3472,0
2025-03-21,sh.600048,222.0767546,222.8523428,218.7158724,220.5255782,222.5938134,95905375.0,817589122.4,1,0.8012,1,-0.9292,0
2025-03-24,sh.600048,220.0085194,220.2670488,217.4232254,218.7158724,220.5255782,67626173.0,571500274.04,1,0.5649,1,-0.8206,0
2025-03-25,sh.600048,218.457343,221.8182252,217.4232254,220.2670488,218.7158724,68233554.0,580055028.53,1,0.57,1,0.7092,0
2025-03-26,sh.600048,220.0085194,223.1108722,218.9744018,220.0085194,220.2670488,73571168.0,629168960.21,1,0.6146,1,-0.1174,0
2025-03-27,sh.600048,219.74999,220.5255782,217.9402842,218.9744018,220.0085194,56925490.0,482752648.8,1,0.4756,1,-0.47,0
2025-03-28,sh.600048,219.2329312,219.74999,217.164696,218.457343,218.9744018,53956965.0,455574022.98,1,0.4508,1,-0.2361,0
2025-03-31,sh.600048,217.6817548,217.9402842,212.7696962,213.5452844,218.457343,75291040.0,625423456.37,1,0.629,1,-2.2485,0
2025-04-01,sh.600048,214.0623432,214.579402,212.2526374,213.0282256,213.5452844,69463364.0,573528982.51,1,0.5803,1,-0.2421,0
2025-04-02,sh.600048,212.7696962,214.8379314,211.994108,214.3208726,213.0282256,71208015.0,586792613.63,1,0.5949,1,0.6068,0
2025-04-03,sh.600048,213.0282256,221.3011664,212.7696962,216.9061666,214.3208726,138055075.0,1165729800.66,1,1.1533,1,1.2063,0
2025-04-07,sh.600048,210.4429316,211.994108,199.067638,205.0138142,216.9061666,193665728.0,1539066262.13,1,1.6179,1,-5.4827,0
2025-04-08,sh.600048,205.2723436,221.042637,205.0138142,219.74999,205.0138142,243871437.0,2016768610.26,1,2.0373,1,7.1879,0
2025-04-09,sh.600048,218.7158724,230.6082248,216.3891078,230.6082248,219.74999,256082161.0,2222875399.47,1,2.1393,1,4.9412,0
2025-04-10,sh.600048,227.505872,232.1594012,222.335284,232.1594012,230.6082248,181545130.0,1605554229.01,1,1.5166,1,0.6726,0
2025-04-11,sh.600048,229.5741072,229.5741072,224.1449898,225.6961662,232.1594012,118488292.0,1035347770.6,1,0.9898,1,-2.784,0
2025-04-14,sh.600048,223.1108722,225.6961662,222.5938134,224.1449898,225.6961662,70063401.0,607478937.66,1,0.5853,1,-0.6873,0
2025-04-15,sh.600048,223.3694016,224.1449898,221.042637,223.8864604,224.1449898,63694511.0,547839852.76,1,0.5321,1,-0.1153,0
2025-04-16,sh.600048,223.627931,228.2814602,223.1108722,228.2814602,223.8864604,130831067.0,1143619998.73,1,1.093,1,1.963,0
2025-04-17,sh.600048,227.505872,240.9494008,226.4717544,237.847048,228.2814602,275559566.0,2510236483.98,1,2.302,1,4.1903,0
